video_url,user_url,username,title,view_num,created_at,shortdesc,collected_at
/watch?v=9mT0azAJtFE&pp=ygUOSS01IFdhc2hpbmd0b24%3D,/@InterstateKyle,InterstateKyle,"2K21 (EP 12) Interstate 5 North in Seattle, Washington",33K,4 years,Want to support InterstateKyle and help fund his road travels? Please contribute on my monthly Patreon and unlock exclusiveÂ ...,2026-01-20 20:36:44.832282
/watch?v=9O580ioLW-E&pp=ygUOSS01IFdhc2hpbmd0b24%3D,/@KING5Seattle,KING 5 Seattle,BREAKING: 20 car pileup on I-5,8.5K,1 day,Up to 20 cars are involved in a pileup on I-5 N near Fife.,2026-01-20 20:36:44.833810
/watch?v=WxqYymMijh0&t=55s&pp=ygUOSS01IFdhc2hpbmd0b24%3D,/@californiathroughmylens,California Through My Lens,"17 Stops on an Interstate 5 Road Trip: Caves, Restaurants, Bridges & State Parks",70K,3 years,"Interstate 5, also known as the I5, runs from Mexico to Canada and crosses California, Oregon and Washington. My dad and IÂ ...",2026-01-20 20:36:44.836092
/watch?v=enkd14aWG38&pp=ygUOSS01IFdhc2hpbmd0b24%3D,/@roadwaywiz,roadwaywiz,Interstate 5 - Washington southbound [FULL LENGTH VIDEO],7.6K,1 year,"Interstate 5 is the main north-south freeway across western Washington State, serving to connect metro Portland & northwestÂ ...",2026-01-20 20:36:44.837441
/watch?v=I6OHcLejaqE&pp=ygUOSS01IFdhc2hpbmd0b24%3D,/@roadwaywiz,roadwaywiz,Interstate 5 - Washington northbound [FULL LENGTH VIDEO],8.3K,1 year,"Interstate 5 is the main north-south freeway across western Washington State, serving to connect metro Portland & northwestÂ ...",2026-01-20 20:36:44.839143
/watch?v=aszZy10m02I&pp=ygUOSS01IFdhc2hpbmd0b24%3D,/@komonews,KOMO News,Prepare for major congestion on I-5 as Ship Canal Bridge undergoes long-term construction,4.5K,7 days,Seattle drivers are bracing for significant traffic disruptions as the Washington State Department of Transportation (WSDOT)Â ...,2026-01-20 20:36:44.840622
/watch?v=RiPLoTNU9Q4&pp=ygUOSS01IFdhc2hpbmd0b24%3D,/@KING5Seattle,KING 5 Seattle,Washington adds orange lane striping to I-5 work zone for first time,13K,2 years,Orange lane striping was added last week along an Interstate 5 construction zone in Fife in order to improve worker and driverÂ ...,2026-01-20 20:36:44.842818
/watch?v=oHTl4ozBU9g&pp=ygUOSS01IFdhc2hpbmd0b27SBwkJTwoBhyohjO8%3D,/@roadwaywiz,roadwaywiz,Interstate 5 - Washington (Exits 7 to 14) northbound,3.3K,4 years,"Interstate 5 is the main north-south freeway across western Washington State, serving to connect metro Portland & northwestÂ ...",2026-01-20 20:36:44.844200
/shorts/fp4bvnBjc-U,/@KING5Seattle,KING 5 Seattle,Multiple lanes blocked during morning commute after 21-car pileup on I-5 north in Fife,2.1K,1 day,Traffic on northbound I-5 was snarled on Monday after debris caused a 21-car crash near the border between King and PierceÂ ...,2026-01-20 20:36:44.845519
/shorts/29cUCNIJ1xw,/@KING5Seattle,KING 5 Seattle,Around 20 vehicles involved in crash on I-5 in Fife,2.9K,1 day,At least 20 cars were involved in a pile up due to debris on the road around 5 a.m. on northbound Interstate 5 Monday near theÂ ...,2026-01-20 20:36:44.846827
/watch?v=vdhhlylAXPY&pp=ygUOSS01IFdhc2hpbmd0b24%3D,/@komonews,KOMO News,"Long-term I-5 lane reductions to impact Seattle traffic, drivers urged to plan for delays",18K,11 days,Drivers heading through Seattle will need to adjust their travel plans starting this weekend as major construction resumes onÂ ...,2026-01-20 20:36:44.848150
/watch?v=EnLwY7bSuEE&pp=ygUOSS01IFdhc2hpbmd0b24%3D,/@KING5Seattle,KING 5 Seattle,BREAKING: I-5 northbound fully blocked after crash near US 1-1 in Olympia,3.8K,1 month,No reports of any injuries or a timetable to reopen the roadway has been given.,2026-01-20 20:36:44.849353
/watch?v=HKrb9NTHruI&t=3900s&pp=ygUOSS01IFdhc2hpbmd0b24%3D,/@AdventureEveryDay,AdventureEveryDay,Seattle to Portland Complete Scenic Drive 4K,143K,1 year,"A scenic drive from downtown Seattle, Washington, to downtown Portland, Oregon in the fall. This drive on I-5 offers a journeyÂ ...",2026-01-20 20:36:44.851451
/watch?v=bX7hGLy8mdo&pp=ygUOSS01IFdhc2hpbmd0b24%3D,/@KING5Seattle,KING 5 Seattle,How to navigate I-5 closure through downtown Seattle beginning Friday night,4.5K,5 months,WSDOT crews are working to wrap up critical renovations on the Ship Canal Bridge.,2026-01-20 20:36:44.852713
/watch?v=X1AYBKsOdy8&pp=ygUOSS01IFdhc2hpbmd0b24%3D,/@KING5Seattle,KING 5 Seattle,"WSDOT preparing for biggest ""Revive I-5"" to date",12K,1 year,"Commuters should be bracing for WSDOT's biggest road work project ever, lasting from March 2025 to spring of 2027.",2026-01-20 20:36:44.853952
/watch?v=H244aI9lr6M&pp=ygUOSS01IFdhc2hpbmd0b24%3D,/@KING5Seattle,KING 5 Seattle,WSDOT reopens NB I-5 lanes early after weekend repairs,1K,5 months,The lanes reopened on Sunday night. WSDOT originally planned to reopen the lanes on Monday morning.,2026-01-20 20:36:44.856392
/watch?v=ZI-pF-FNEKY&pp=ygUOSS01IFdhc2hpbmd0b24%3D,/@KING5Seattle,KING 5 Seattle,Northbound I-5 to close overnight Friday in Seattle,8.8K,2 years,Travelers using northbound Interstate 5 through downtown Seattle should plan for delays this weekend.,2026-01-20 20:36:44.857913
/watch?v=1yiTBfq2Jhw&pp=ygUOSS01IFdhc2hpbmd0b24%3D,/@KING5Seattle,KING 5 Seattle,Washington State Patrol explains the car fire on I-5 S near Fife,4.5K,4 years,A disabled vehicle caught fire on the side of I-5 S near Fife which also spread to the surrounding brush before being extinguished.,2026-01-20 20:36:44.859815
/watch?v=Da92mEX1UsU&pp=ygUOSS01IFdhc2hpbmd0b27SBwkJTwoBhyohjO8%3D,/@fox13seattle,FOX 13 Seattle,Revive I-5 construction on Seattle's Ship Canal Bridge begins,2.7K,11 days,"WSDOT is warning Seattle drivers to plan ahead for traffic as Revive I-5: Ship Canal Bridge Preservation work begins Jan. 9, 2026Â ...",2026-01-20 20:36:44.861269
/watch?v=z7Xsjq9yq2c&pp=ygUOSS01IFdhc2hpbmd0b24%3D,/@ControlCityFreak,Control City Freak,Interstate 5: Westside Express,16K,1 year,"Interstate 5 is the backbone of the West Coast, and runs the gamut between urban, rural, suburban, breathtakingly beautiful, andÂ ...",2026-01-20 20:36:44.862608
/shorts/0fJOQmEXjL4,/@accuweather,AccuWeather,I-5 Flooded in Seattle | AccuWeather,170K,2 years,"Heavy rain pummelled parts of Seattle, Washington, on November 4, causing flooding along Interstate 5. #i5 #flooding #seattleÂ ...",2026-01-20 20:36:54.350784
/shorts/nZrFFhHGH-w,/@GeoGlobeTales,GeoGlobeTales,How Highways are Numbered ðŸš— U.S Interstate Highways ðŸ‡ºðŸ‡¸,14M,1 year,How U.S. interstate highways are numbered? Dive into the fascinating system behind the numbering of U.S. interstateÂ ...,2026-01-20 20:36:54.354566
/shorts/06U6DgUwcYU,/@KING5Seattle,KING 5 Seattle,How the latest Revive I-5 closures will impact your commute,461,8 days,"Starting Monday morning, two northbound lanes of traffic are closed over the Ship Canal Bridge until the FIFA World Cup in June.",2026-01-20 20:36:54.355847
/watch?v=dChQxb6DYcU&pp=ygUOSS01IFdhc2hpbmd0b24%3D,/@KING5Seattle,KING 5 Seattle,SB I-5 lanes closed this weekend for Revive I-5 work in Seattle,1.4K,4 years,Southbound I-5 will be down to two lanes on Saturday and one lane on Sunday for construction work.,2026-01-20 20:36:54.359140
/watch?v=dHOZwlkzhzg&pp=ygUOSS01IFdhc2hpbmd0b24%3D,/@KING5Seattle,KING 5 Seattle,Northbound I-5 to close through downtown Seattle during busy summer weekend,5.6K,6 months,WSDOT's traffic management center is under pressure as northbound I-5 heads into a complete closure through downtownÂ ...,2026-01-20 20:36:54.362391
/watch?v=KVGeVB2NF5M&pp=ygUOSS01IFdhc2hpbmd0b24%3D,/@komonews,KOMO News,"Driver without lights on clocks 156 mph on I-5, disappears into fog on New Year's Eve",69K,13 days,A Washington State Patrol (WSP) trooper clocked a driver screaming down Interstate 5 at a speed that's hard to believe. ShortlyÂ ...,2026-01-20 20:36:54.363788
/watch?v=MC4pdS45sPU&pp=ygUOSS01IFdhc2hpbmd0b24%3D,/@KING5Seattle,KING 5 Seattle,"WSDOT plans major I-405, I-5 lane closures this weekend",1.2K,2 months,"Weather could cancel the I-405 construction, but rain will not affect the I-5 lane reductions over the weekend, WSDOT said.",2026-01-20 20:36:54.364945
/watch?v=gO32MHXuP9c&pp=ygUOSS01IFdhc2hpbmd0b24%3D,/@KING5Seattle,KING 5 Seattle,"I-5, Montlake Bridge work in Seattle could disrupt traffic this weekend",2.2K,4 years,Drivers planning to attend the Seattle Sounders FC or Mariners games this weekend should plan ahead and allow for extra timeÂ ...,2026-01-20 20:36:54.366053
/watch?v=rDamWM5ej5w&pp=ygUOSS01IFdhc2hpbmd0b24%3D,/@KING5Seattle,KING 5 Seattle,I-5 express lanes reopen after deadly rollover crash involving semi-truck,2K,2 years,"The Interstate 5 Express Way lanes have reopened after a deadly semi rollover crash that occurred on Friday morning, accordingÂ ...",2026-01-20 20:36:54.369287
/watch?v=faimMLry81M&pp=ygUOSS01IFdhc2hpbmd0b24%3D,/@kiro7,KIRO 7 News,Seattle traffic: Best detours as I-5 closures return,5.1K,11 days,"Construction on the Ship Canal Bridge is set to continue, as the Washington Department of Transportation (WSDOT) implementsÂ ...",2026-01-20 20:36:54.372702
/watch?v=yuY-z2mZZuM&pp=ygUOSS01IFdhc2hpbmd0b24%3D,/@KING5Seattle,KING 5 Seattle,Some Seattle commuters opt for alternatives to beat weekend I-5 closure,4.8K,5 months,"Starting late Friday night and lasting through early Monday morning, NB I-5 will be closed from the I-90 interchange to NortheastÂ ...",2026-01-20 20:36:54.373904
/watch?v=BgIETHKmtAI&pp=ygUOSS01IFdhc2hpbmd0b24%3D,/@komonews,KOMO News,Ship Canal Bridge work on NB I-5 to be completed on time: WSDOT,9.6K,5 months,"Repair work on one section of Seattle's Ship Canal Bridge is on track to be finished on time after weeks of lane closures,Â ...",2026-01-20 20:36:54.376936
/watch?v=MfZ-oOvBEXQ&pp=ygUOSS01IFdhc2hpbmd0b27SBwkJTwoBhyohjO8%3D,/@KING5Seattle,KING 5 Seattle,Changes coming this weekend for southbound I-5 in Tacoma,3.4K,4 years,Drivers who use Interstate 5 through Tacoma should prepare for some changes as the Washington State Department ofÂ ...,2026-01-20 20:36:54.379525
/watch?v=yj59pqgNlbk&pp=ygUOSS01IFdhc2hpbmd0b24%3D,/@KING5Seattle,KING 5 Seattle,Semi-truck hangs over barrier after crashing on I-5 express lanes in Seattle,18K,5 years,A semi-truck crashed in the I-5 express lanes Wednesday morning and hung over the ramp at Mercer Street. Read more:Â ...,2026-01-20 20:36:54.382056
/watch?v=UnrDiJFZgBw&pp=ygUOSS01IFdhc2hpbmd0b24%3D,/@KING5Seattle,KING 5 Seattle,"2 teens die from gunshot wounds, found along I-5 in Seattle",11K,1 year,"One teen was found on the freeway on Thursday night and the other was found in a ditch on Friday morning, WSP says.",2026-01-20 20:36:54.384238
/watch?v=ZAZbfBFOXzE&pp=ygUOSS01IFdhc2hpbmd0b24%3D,/@KING5Seattle,KING 5 Seattle,I-5 closure through downtown Seattle snarls traffic,5.5K,5 months,"The roadway will reopen at 5 a.m. Monday, Aug. 18.",2026-01-20 20:36:54.386041
/watch?v=SUX7a21zXLc&pp=ygUOSS01IFdhc2hpbmd0b24%3D,/@fox13seattle,FOX 13 Seattle,SB I-5 express lanes blocked near Ship Canal Bridge due to shooting investigation | FOX 13 Seattle,5.3K,3 years,Commuters traveling on I-5 in Seattle on Friday morning might have longer drive times as some southbound express lanes areÂ ...,2026-01-20 20:36:54.388600
/watch?v=A9-lLI4P0Zw&pp=ygUOSS01IFdhc2hpbmd0b24%3D,/@KING5Seattle,KING 5 Seattle,Major I-5 closure beings this week,1.6K,2 weeks,Two northbound lanes of the Ship Canal Bridge will be closed for most of 2026 and the work starts tonight.,2026-01-20 20:36:54.391538
/watch?v=_TmJKDE8IoQ&pp=ygUOSS01IFdhc2hpbmd0b24%3D,/@wsdot,wsdot,I-5 Chamber Way Stage 2,4.8K,4 years,I-5 Chamber Way Stage 2 is a Connecting Washington project that will focus on reducing congestion and improving safety on theÂ ...,2026-01-20 20:36:54.395563
/watch?v=0rS1ZfhYs-o&pp=ygUOSS01IFdhc2hpbmd0b24%3D,/@fox13seattle,FOX 13 Seattle,Preparing for another I-5 weekend closure in Seattle | FOX 13 Seattle,6.7K,6 months,"Drivers in Seattle should prepare for significant traffic delays this weekend, as multiple road closures are planned across theÂ ...",2026-01-20 20:36:54.397618
/watch?v=XkykmXfYQ-k&pp=ygUOSS01IFdhc2hpbmd0b24%3D,/@KING5Seattle,KING 5 Seattle,BREAKING: All SB I-5 express lanes blocked in Seattle after fatal crash,5.8K,2 years,"All southbound Interstate 5 Express Way lanes have been blocked by a semi rollover crash Friday morning, according to WSDOT.",2026-01-20 20:37:01.541303
/watch?v=WwwNt9tzkJo&pp=ygUOSS01IFdhc2hpbmd0b24%3D,/@fox13seattle,FOX 13 Seattle,New I-5 HOV lanes opening in Tacoma | FOX 13 Seattle,1.6K,3 years,New HOV lanes on I-5 in Tacoma are opening this weekend. Friday is the first of three nights of lane closures to open the HOVÂ ...,2026-01-20 20:37:01.543182
/watch?v=t48sj-AIu8Q&pp=ygUOSS01IFdhc2hpbmd0b24%3D,/@7NewsDC,ABC 7 News - WJLA,I-5 Bridge collapse near Seattle,2.6K,12 years,I-5 Bridge collapse near Seattle. Stay up to date with our social media: WJLA on Facebook: https://www.facebook.com/wjlatv/Â ...,2026-01-20 20:37:01.545031
/watch?v=qLS8ciQXdyU&pp=ygUOSS01IFdhc2hpbmd0b24%3D,/@fox13seattle,FOX 13 Seattle,I-5 express lane ramp closed due to wire theft | FOX 13 Seattle,2.3K,3 years,WSDOT said there was a significant amount of wire theft that has closed I-5 express lane entrances/exit ramp. Subscribe to FOXÂ ...,2026-01-20 20:37:01.546707
/watch?v=QJhJ35TQw8s&pp=ygUOSS01IFdhc2hpbmd0b24%3D,/@fox13seattle,FOX 13 Seattle,Revive I-5 snarls Seattle commute as lanes narrow across Ship Canal Bridge | FOX 13 Seattle,11K,7 days,Traffic congestion returned across Seattle as Revive I-5 construction reduced northbound I-5 to two lanes over the Ship CanalÂ ...,2026-01-20 20:37:01.548177
/watch?v=JVw6971hars&pp=ygUOSS01IFdhc2hpbmd0b24%3D,/@komonews,KOMO News,Deadly crash on SR 599 overpass causes car to plummet onto I-5 in Tukwila,8.3K,10 months,One man is dead and six other people were injured after a crash on the State Route 599/Interurban overpass Friday morningÂ ...,2026-01-20 20:37:01.549440
/watch?v=0lrFOVM0z0Q&pp=ygUOSS01IFdhc2hpbmd0b24%3D,/@KING5Seattle,KING 5 Seattle,â€˜Wild West Weekendâ€™ for Seattle drivers: I-405 and I-5 closures to cause delays,8.4K,6 months,Construction work on the Ship Canal Bridge in Seattle will start next weekend.,2026-01-20 20:37:01.551503
/watch?v=NAvC2a_UVmg&pp=ygUOSS01IFdhc2hpbmd0b24%3D,/@fox13seattle,FOX 13 Seattle,WSDOT: I-5 is safe to drive on after fiery explosion | FOX 13 Seattle,3.7K,3 years,"According to the Washington State Department of Transportation, Interstate 5 is safe to drive on after a vehicle hauling liquidÂ ...",2026-01-20 20:37:01.553475
/shorts/hZI5DX7brfw,/@KING5Seattle,KING 5 Seattle,I-5 north is closed through downtown Seattle this weekend,9.1K,5 months,WSDOT is closing I-5 northbound through downtown Seattle beginning Friday night and lasting through Monday morning.,2026-01-20 20:37:01.554947
/shorts/TjMfFBCwlpE,/@komonews,KOMO News,Rain or shine: Full closure of NB I-5 in Seattle set for this weekend,7K,5 months,A full closure of the northbound I-5 across the Ship Canal Bridge in Seattle will continue this weekend despite the expectedÂ ...,2026-01-20 20:37:01.556521
/watch?v=-_wILDSjFNc&pp=ygUOSS01IFdhc2hpbmd0b24%3D,/@FOX10.News.,FOX10 News,I-5 in Lewis County Washington Closed Due to Flooding,1.6K,Streamed 4 years,WSDOT closed a 20-mile stretch of I-5 between Grand Mound and U.S. 12 south of Chehalis Friday morning due to risingÂ ...,2026-01-20 20:37:01.557788
/watch?v=r1VHxymgq5M&pp=ygUOSS01IFdhc2hpbmd0b24%3D,/@KING5Seattle,KING 5 Seattle,"SR 520 bridge, Revive I-5 work to impact Seattle drivers this weekend",1.1K,3 years,SR 520 over Lake Washington will be fully closed and Revive I-5 work will close I-90 ramps this weekend. Here's what you needÂ ...,2026-01-20 20:37:01.559515
/watch?v=jvNr-c-EnpM&pp=ygUOSS01IFdhc2hpbmd0b24%3D,/@KING5Seattle,KING 5 Seattle,"Suspect drags trooper out of patrol car, then steals her vehicle on Interstate 5 in Seattle",118K,3 weeks,The suspect was taken into custody following a chase with law enforcement. Neither the suspect nor law enforcement were hurt.,2026-01-20 20:37:01.560744
/watch?v=iHi9OjXxrlw&pp=ygUOSS01IFdhc2hpbmd0b24%3D,/@fox13seattle,FOX 13 Seattle,WSP: Driver who caused crash that shut down I-5 North in Tacoma was going over 100mph,10K,4 years,Troopers say a driver who caused an hours-long closure of Interstate 5 in Tacoma was going over 100mph before losing controlÂ ...,2026-01-20 20:37:01.562103
/watch?v=IGhkFNYSNRA&pp=ygUOSS01IFdhc2hpbmd0b27SBwkJTwoBhyohjO8%3D,/@fox13seattle,FOX 13 Seattle,Deadly crash on southbound I-5 near JBLM | FOX 13 News,34K,4 years,Trooper Robert Reyer talks to FOX 13 Morning News about a deadly crash on southbound I-5 near JBLM. Subscribe to FOX 13Â ...,2026-01-20 20:37:01.563502
/watch?v=orGWTTX5EnI&pp=ygUOSS01IFdhc2hpbmd0b27SBwkJTwoBhyohjO8%3D,/@KING5Seattle,KING 5 Seattle,"Teens, both 16, found dead along I-5 in Seattle with gunshot wounds",17K,1 year,"Two 16-year-old boys were found shot to death along Interstate 5 in Seattle on Thursday night and early Friday morning,Â ...",2026-01-20 20:37:01.564808
/watch?v=h-vtGHIFOFk&pp=ygUOSS01IFdhc2hpbmd0b24%3D,/@KING5Seattle,KING 5 Seattle,"Street-racing may be cause of multi-vehicle crash on I-5, investigators say",62K,3 years,All lanes of southbound Interstate 5 in Tacoma reopened following a crash involving three cars and a motorcycle TuesdayÂ ...,2026-01-20 20:37:01.566205
/shorts/IEfZu_q9hVo,/@KING5Seattle,KING 5 Seattle,"1 dead, 3 injured during violent incident on I-5",9K,1 year,"According to the Washington State Patrol, the driver of a black BMW died from a stab wound and three others were taken to theÂ ...",2026-01-20 20:37:01.567904
/watch?v=SKiP17K_oik&pp=ygUOSS01IFdhc2hpbmd0b24%3D,/@KING5Seattle,KING 5 Seattle,I-5 reopens in Lewis County after being closed due to flooding,6.7K,4 years,WSDOT reopened a 20-mile stretch of I-5 after closing for several hours due to flooding Friday.,2026-01-20 20:37:01.569516
/watch?v=iBmMinBnAKY&pp=ygUOSS01IFdhc2hpbmd0b24%3D,/@fox13seattle,FOX 13 Seattle,"Two men shot near camp under I-5, WSP asking public for help | FOX 13 Seattle",5.5K,3 years,The Washington State Patrol is asking the public for information after two men were shot in a homeless encampment under I-5.,2026-01-20 20:37:01.571475
/watch?v=pnXH0obdiBU&pp=ygUOSS01IFdhc2hpbmd0b24%3D,/@KING5Seattle,KING 5 Seattle,WATCH: Group blocks southbound lanes of I-5 in Tacoma near S. 38th St.,12K,Streamed 5 years,A group blocked the southbound lanes of I-5 near S. 38th St. in Tacoma Thursday night. Washington State Patrol Trooper RyanÂ ...,2026-01-20 20:37:09.299772
/watch?v=zV1vpzU9738&pp=ygUOSS01IFdhc2hpbmd0b24%3D,/@fox13seattle,FOX 13 Seattle,"20-mile stretch of I-5 in Lewis, Thurston counties closed due to flooding | FOX 13 Seattle",2.2K,4 years,Interstate 5 between Lewis and Thurston counties is shut down because of area flooding Friday morning. Subscribe to FOX 13Â ...,2026-01-20 20:37:09.303302
/watch?v=SYlZLmaairA&pp=ygUOSS01IFdhc2hpbmd0b24%3D,/@OregonDOT,OregonDOT,Driving I-5 Siskiyou Summit in Winter - How to Drive It,184K,8 years,A primer on how to drive I-5 Siskiyou Summit in the winter: how to prepare and how Oregon DOT and Caltrans manage the 136Â ...,2026-01-20 20:37:09.308254
/watch?v=dl4vuATQijA&pp=ygUOSS01IFdhc2hpbmd0b24%3D,/@KING5Seattle,KING 5 Seattle,"WSP: Wrong-way driver dies after striking WSDOT worker, fleeing on I-5",14K,3 months,A driver fled after allegedly hitting a WSDOT worker and was later killed by a car on I-5.,2026-01-20 20:37:09.310561
/watch?v=JrVb-gU8UWU&pp=ygUOSS01IFdhc2hpbmd0b27SBwkJTwoBhyohjO8%3D,/@komonews,KOMO News,Long road ahead: 2 of 4 lanes of NB I-5 over Ship Canal Bridge now closed for most of year,3.3K,8 days,Seattle drivers are bracing for significant traffic disruptions as the Washington State Department of Transportation (WSDOT)Â ...,2026-01-20 20:37:09.314341
/watch?v=gR4yUADVwRg&pp=ygUOSS01IFdhc2hpbmd0b24%3D,/@KING5Seattle,KING 5 Seattle,Lid I-5? Get rid of I-5? Varying perspectives on Seattle's aging freeway - New Day NW,6.1K,5 years,"Could Western Washington really function without a freeway downtown? Some say yes, including ""The Stranger"" staff writerÂ ...",2026-01-20 20:37:09.318113
/watch?v=vb-sEr2_cZA&pp=ygUOSS01IFdhc2hpbmd0b24%3D,/@KING5Seattle,KING 5 Seattle,"Construction on I-5 near Olympia could lead to 10-mile backups, WSDOT says",13K,1 year,Crews are working to fill potholes along northbound Interstate 5.,2026-01-20 20:37:09.321549
/watch?v=XY3miWfQj0Y&pp=ygUOSS01IFdhc2hpbmd0b24%3D,/@KGWNews8,KGW News,Severe traffic jam on I-5 due to slippery driving conditions in Clark County,635K,11 months,Several vehicles struggling to drive in the snowy conditions have caused a miles-long traffic jam on Interstate 5 in SouthwestÂ ...,2026-01-20 20:37:09.322927
/watch?v=Isex9w31exU&pp=ygUOSS01IFdhc2hpbmd0b24%3D,/@MileageMikeTravels,Mileage Mike Travels,I-5 - Oregon - Washington Bridge North - Portland - 4K Infrastructure Drive,8.7K,7 months,Northbound drive over the Oregon-Washington Bridge that carries I-5 over the Columbia River. Filmed: November 2024 Follow onÂ ...,2026-01-20 20:37:09.326308
/watch?v=VrMlBWRvK3I&pp=ygUOSS01IFdhc2hpbmd0b24%3D,/@Fox12oregon,"KPTV FOX 12 | Local news, weather Portland, Oregon",Interstate 5 closed in northbound direction near La Center due to police activity,1.2K,3 years,The Washington Department of Transportation says Interstate 5 is closed in both directions between Ridgefield and La CenterÂ ...,2026-01-20 20:37:09.329656
/watch?v=TqWaAIB_h18&pp=ygUOSS01IFdhc2hpbmd0b24%3D,/@KOINLOCAL6,KOIN 6,BREAKING: Landslide closes all northbound lanes of I-5 in Southwest Washington,10K,2 years,"A landslide has closed all northbound lanes of Interstate 5 north of Woodland, a Washington State Patrol public information officerÂ ...",2026-01-20 20:37:09.330951
/watch?v=n9IP3_4Zz3k&pp=ygUOSS01IFdhc2hpbmd0b24%3D,/@AsphaltPlanet1,Asphalt Planet,"Interstate 5 South - Seattle, Washington - May, 2023",6.3K,10 months,"Drivelapse video of Interstate 5 heading south through Seattle, Washington. The video starts just north of the interchange withÂ ...",2026-01-20 20:37:09.336255
/watch?v=X0geL1dYkyk&pp=ygUOSS01IFdhc2hpbmd0b24%3D,/@KING5Seattle,KING 5 Seattle,"I-5 completely blocked due to flooding, landslides near Bellingham",7.7K,4 years,All lanes of Interstate 5 south of Bellingham will be closed overnight due to flooding and active landslides threatening the highwayÂ ...,2026-01-20 20:37:09.339938
/watch?v=B7A97UXTxFU&pp=ygUOSS01IFdhc2hpbmd0b24%3D,/@komonews,KOMO News,"One injured in I-5 shooting in King County, Seattle Police investigate second shooting",23K,5 days,Washington State Patrol (WSP) and the Seattle Police Department (SPD) say they're investigating separate shootings thatÂ ...,2026-01-20 20:37:09.345174
/watch?v=zubf6RXHEtI&pp=ygUOSS01IFdhc2hpbmd0b27SBwkJTwoBhyohjO8%3D,/@KGWNews8,KGW News,Three people killed in a rollover crash on I-5 near Kalama,1.4K,7 years,"Multiple people are dead after a crash on I-5 north near Kalama, Washington.",2026-01-20 20:37:09.346519
/watch?v=FWOY4qkHvs4&pp=ygUOSS01IFdhc2hpbmd0b24%3D,/@KING5Seattle,KING 5 Seattle,Southbound I-5 partially closed in south SeattleÂ after multiple cars hit broken expansion joint,12K,3 years,The Washington State Department of Transportation said up to 10 vehicles hit a broken expansion joint on southbound I-5 inÂ ...,2026-01-20 20:37:09.347732
/watch?v=a_tuuGoHPeE&pp=ygUOSS01IFdhc2hpbmd0b24%3D,/@fox13seattle,FOX 13 Seattle,Deadly shooting causes massive backup on I-5 | FOX 13 Seattle,147K,1 year,"On Sunday afternoon, motorists resorted to turning around on Interstate 5 near 77th Street when police abruptly shut down allÂ ...",2026-01-20 20:37:09.348920
/watch?v=IyZYqSHhjZQ&pp=ygUOSS01IFdhc2hpbmd0b24%3D,/@fox13seattle,FOX 13 Seattle,I-5 northbound closed through Seattle for weekend Revive I-5 work,1.6K,10 days,Drivers are urged to plan ahead as all northbound lanes of I-5 are closed this weekend from I-90 in Seattle's International DistrictÂ ...,2026-01-20 20:37:09.350161
/watch?v=kva9pd1GKZE&pp=ygUOSS01IFdhc2hpbmd0b27SBwkJTwoBhyohjO8%3D,/@FullLengthInterstates,Full Length Interstates,I-5 Washington Decongested Edition 4K60 34 Timestamps Southbound Full Length,2.6K,2 years,Beautiful sunny day through the entire state! From near Canada to Vancouver WA/ Portland OR. Traffic jams in the Seattle areaÂ ...,2026-01-20 20:37:09.353994
/watch?v=4FWUcXSDj7w&pp=ygUOSS01IFdhc2hpbmd0b27SBwkJTwoBhyohjO8%3D,/@fox13seattle,FOX 13 Seattle,I-5 road rage attack prompts safety talks with WA contractors | FOX 13 Seattle,2.1K,1 year,The Washington Department of Transportation is going over safety protocols with workers after last week's attack on twoÂ ...,2026-01-20 20:37:09.355262
/shorts/itpa2YhZRgo,/@komonews,KOMO News,"Driver without lights on clocks 156 mph on I-5, disappears into fog on New Year's Eve",17K,13 days,A Washington State Patrol (WSP) trooper clocked a driver screaming down Interstate 5 at a speed that's hard to believe. ShortlyÂ ...,2026-01-20 20:37:18.398398
/watch?v=KVGeVB2NF5M&pp=ygUFSTUgV0HSBwkJTwoBhyohjO8%3D,/@komonews,KOMO News,"Driver without lights on clocks 156 mph on I-5, disappears into fog on New Year's Eve",69K,13 days,A Washington State Patrol (WSP) trooper clocked a driver screaming down Interstate 5 at a speed that's hard to believe. ShortlyÂ ...,2026-01-20 20:37:18.401195
/shorts/x9IEUOLVdms,/@komonews,KOMO News,RAW VIDEO: Trooper narrowly escapes disaster as driver crashes into patrol SUV on I-5 in Seattle,9.8K,1 month,"A Washington State Patrol trooper had a close call along the freeway Tuesday morning. Around 2:30 a.m., the trooper wasÂ ...",2026-01-20 20:37:18.402313
/watch?v=t48sj-AIu8Q&pp=ygUFSTUgV0E%3D,/@7NewsDC,ABC 7 News - WJLA,I-5 Bridge collapse near Seattle,2.6K,12 years,I-5 Bridge collapse near Seattle. Stay up to date with our social media: WJLA on Facebook: https://www.facebook.com/wjlatv/Â ...,2026-01-20 20:37:25.529813
/watch?v=jvNr-c-EnpM&pp=ygUFSTUgV0E%3D,/@KING5Seattle,KING 5 Seattle,"Suspect drags trooper out of patrol car, then steals her vehicle on Interstate 5 in Seattle",118K,3 weeks,The suspect was taken into custody following a chase with law enforcement. Neither the suspect nor law enforcement were hurt.,2026-01-20 20:37:25.530868
/watch?v=h-vtGHIFOFk&pp=ygUFSTUgV0E%3D,/@KING5Seattle,KING 5 Seattle,"Street-racing may be cause of multi-vehicle crash on I-5, investigators say",62K,3 years,All lanes of southbound Interstate 5 in Tacoma reopened following a crash involving three cars and a motorcycle TuesdayÂ ...,2026-01-20 20:37:25.531940
/watch?v=RGKYbhRa_sA&pp=ygUFSTUgV0E%3D,/@i5.commuters,i5 Commuters,An Interview with Washington State Trooper Kameron Watts | The i5 Commuter's Show on the Road,3.8K,7 days,The Unfiltered questions you've always wanted to ask a cop but never had the chance or the guts. We are just as surprised as youÂ ...,2026-01-20 20:37:25.535631
/watch?v=LDHzY9mwvkY&pp=ygUFSTUgV0E%3D,/@siebrand1946,Siebrand H. Wiegman,I5 @ Seattle WA,267,7 years,This video is about I5 @ Seattle WA.,2026-01-20 20:37:25.540842
/watch?v=RiPLoTNU9Q4&pp=ygUFSTUgV0E%3D,/@KING5Seattle,KING 5 Seattle,Washington adds orange lane striping to I-5 work zone for first time,13K,2 years,Orange lane striping was added last week along an Interstate 5 construction zone in Fife in order to improve worker and driverÂ ...,2026-01-20 20:37:25.541953
/watch?v=0rS1ZfhYs-o&pp=ygUFSTUgV0E%3D,/@fox13seattle,FOX 13 Seattle,Preparing for another I-5 weekend closure in Seattle | FOX 13 Seattle,6.7K,6 months,"Drivers in Seattle should prepare for significant traffic delays this weekend, as multiple road closures are planned across theÂ ...",2026-01-20 20:37:25.545185
/watch?v=NAvC2a_UVmg&pp=ygUFSTUgV0E%3D,/@fox13seattle,FOX 13 Seattle,WSDOT: I-5 is safe to drive on after fiery explosion | FOX 13 Seattle,3.7K,3 years,"According to the Washington State Department of Transportation, Interstate 5 is safe to drive on after a vehicle hauling liquidÂ ...",2026-01-20 20:37:25.546706
/watch?v=X0geL1dYkyk&pp=ygUFSTUgV0E%3D,/@KING5Seattle,KING 5 Seattle,"I-5 completely blocked due to flooding, landslides near Bellingham",7.7K,4 years,All lanes of Interstate 5 south of Bellingham will be closed overnight due to flooding and active landslides threatening the highwayÂ ...,2026-01-20 20:37:25.547809
/watch?v=MfZ-oOvBEXQ&pp=ygUFSTUgV0E%3D,/@KING5Seattle,KING 5 Seattle,Changes coming this weekend for southbound I-5 in Tacoma,3.4K,4 years,Drivers who use Interstate 5 through Tacoma should prepare for some changes as the Washington State Department ofÂ ...,2026-01-20 20:37:25.551039
/watch?v=zV1vpzU9738&pp=ygUFSTUgV0HSBwkJTwoBhyohjO8%3D,/@fox13seattle,FOX 13 Seattle,"20-mile stretch of I-5 in Lewis, Thurston counties closed due to flooding | FOX 13 Seattle",2.2K,4 years,Interstate 5 between Lewis and Thurston counties is shut down because of area flooding Friday morning. Subscribe to FOX 13Â ...,2026-01-20 20:37:25.554054
/watch?v=TqWaAIB_h18&pp=ygUFSTUgV0HSBwkJTwoBhyohjO8%3D,/@KOINLOCAL6,KOIN 6,BREAKING: Landslide closes all northbound lanes of I-5 in Southwest Washington,10K,2 years,"A landslide has closed all northbound lanes of Interstate 5 north of Woodland, a Washington State Patrol public information officerÂ ...",2026-01-20 20:37:25.555313
/watch?v=1yiTBfq2Jhw&pp=ygUFSTUgV0E%3D,/@KING5Seattle,KING 5 Seattle,Washington State Patrol explains the car fire on I-5 S near Fife,4.5K,4 years,A disabled vehicle caught fire on the side of I-5 S near Fife which also spread to the surrounding brush before being extinguished.,2026-01-20 20:37:25.559044
/watch?v=7RtaHzNp7-c&pp=ygUFSTUgV0E%3D,/@KING5Seattle,KING 5 Seattle,Man pushes WSP trooper down and steals her patrol vehicle,52K,3 weeks,A man is in custody after pushing a trooper to the ground and stealing her patrol vehicle.,2026-01-20 20:37:34.099109
/watch?v=gR4yUADVwRg&pp=ygUFSTUgV0E%3D,/@KING5Seattle,KING 5 Seattle,Lid I-5? Get rid of I-5? Varying perspectives on Seattle's aging freeway - New Day NW,6.1K,5 years,"Could Western Washington really function without a freeway downtown? Some say yes, including ""The Stranger"" staff writerÂ ...",2026-01-20 20:37:34.101268
/shorts/0OMFtqxCAwo,/@KING5Seattle,KING 5 Seattle,WSP troopers rescue kitten on I-5,4.6K,2 months,"Washington State Patrol troopers rescued a kitten on I-5 in Pierce County on Wednesday. After a quick vet trip, another trooper isÂ ...",2026-01-20 20:37:34.102747
/shorts/qjAWfPjDZ8E,/@accuweather,AccuWeather,Mudslide Traps Trucks on I-5 in Washington,65K,1 year,"A landslide shut down Interstate 5 in Washington on Sunday, just south of the US-Canada border. #i5 #washignton #landslideÂ ...",2026-01-20 20:37:34.104228
/watch?v=XY3miWfQj0Y&pp=ygUFSTUgV0E%3D,/@KGWNews8,KGW News,Severe traffic jam on I-5 due to slippery driving conditions in Clark County,635K,11 months,Several vehicles struggling to drive in the snowy conditions have caused a miles-long traffic jam on Interstate 5 in SouthwestÂ ...,2026-01-20 20:37:34.106246
/shorts/2d2Tri4I0uc,/@KING5Seattle,KING 5 Seattle,"Several teens arrested after Seattle police pursuit, shots fired on I-5",30K,1 month,"Several teens arrested after Seattle police pursuit, shots fired on I-5.",2026-01-20 20:37:34.107707
/watch?v=SKiP17K_oik&pp=ygUFSTUgV0E%3D,/@KING5Seattle,KING 5 Seattle,I-5 reopens in Lewis County after being closed due to flooding,6.7K,4 years,WSDOT reopened a 20-mile stretch of I-5 after closing for several hours due to flooding Friday.,2026-01-20 20:37:34.108996
/watch?v=aszZy10m02I&pp=ygUFSTUgV0E%3D,/@komonews,KOMO News,Prepare for major congestion on I-5 as Ship Canal Bridge undergoes long-term construction,4.5K,7 days,Seattle drivers are bracing for significant traffic disruptions as the Washington State Department of Transportation (WSDOT)Â ...,2026-01-20 20:37:34.110362
/watch?v=bMMFY4ICQ1g&pp=ygUFSTUgV0E%3D,/@fox13seattle,FOX 13 Seattle,"45 drivers crash in Kent, I-5 shuts down | FOX 13 Seattle",358K,1 year,"18 tow trucks were needed to help clear a massive crash site in Kent, Washington this afternoon. A few were hospitalized andÂ ...",2026-01-20 20:37:34.111814
/watch?v=EeJ0G8x6Qbk&pp=ygUFSTUgV0E%3D,/@wsdot,wsdot,DDI Virtual Drive-Through - Southbound I5 Exit to northbound Marvin Road,1.5K,7 years,Take a virtual look as WSDOT will build Washington State's first Diverging Diamond Interchange (DDI) at I-5 and Marvin RoadÂ ...,2026-01-20 20:37:34.113232
/watch?v=QJhJ35TQw8s&pp=ygUFSTUgV0E%3D,/@fox13seattle,FOX 13 Seattle,Revive I-5 snarls Seattle commute as lanes narrow across Ship Canal Bridge | FOX 13 Seattle,11K,7 days,Traffic congestion returned across Seattle as Revive I-5 construction reduced northbound I-5 to two lanes over the Ship CanalÂ ...,2026-01-20 20:37:34.114710
/watch?v=9mT0azAJtFE&pp=ygUFSTUgV0E%3D,/@InterstateKyle,InterstateKyle,"2K21 (EP 12) Interstate 5 North in Seattle, Washington",33K,4 years,Want to support InterstateKyle and help fund his road travels? Please contribute on my monthly Patreon and unlock exclusiveÂ ...,2026-01-20 20:37:34.115890
/watch?v=h37tdAltByM&pp=ygUFSTUgV0E%3D,/@NBCNews,NBC News,"Police in Washington say suspect dragged lieutenant, stole car before chase",93K,3 weeks,New video shows the dramatic moments where police say a man pulled a Washington state police lieutenant out of her unmarkedÂ ...,2026-01-20 20:37:34.117220
/shorts/XVSXaxEiXwo,/@komonews,KOMO News,Motorcyclist dies after police chase down I-5 ends in Lakewood crash,11K,2 months,"A police pursuit ended in a deadly crash in Lakewood on Tuesday at the intersection of South Tacoma Way and 100th Street SW,Â ...",2026-01-20 20:37:34.118779
/watch?v=SYlZLmaairA&pp=ygUFSTUgV0E%3D,/@OregonDOT,OregonDOT,Driving I-5 Siskiyou Summit in Winter - How to Drive It,184K,8 years,A primer on how to drive I-5 Siskiyou Summit in the winter: how to prepare and how Oregon DOT and Caltrans manage the 136Â ...,2026-01-20 20:37:34.120935
/watch?v=dl4vuATQijA&pp=ygUFSTUgV0E%3D,/@KING5Seattle,KING 5 Seattle,"WSP: Wrong-way driver dies after striking WSDOT worker, fleeing on I-5",14K,3 months,A driver fled after allegedly hitting a WSDOT worker and was later killed by a car on I-5.,2026-01-20 20:37:34.122246
/watch?v=9KxNdr-6iIw&pp=ygUFSTUgV0HSBwkJTwoBhyohjO8%3D,/@fox13seattle,FOX 13 Seattle,Man-made tunnel found under I-5 off-ramp in Everett,4.9K,4 years,Everett fire and the state department of transportation are investigating a man-made tunnel found under an I-5 off-ramp in Everett.,2026-01-20 20:37:34.124694
/shorts/gZilFMDwgsk,/@KING5Seattle,KING 5 Seattle,Revive I-5 work resumes this weekend,931,13 days,"Northbound I-5 will be closed over the Ship Canal bridge this weekend, followed by a two-lane closure for the next five months.",2026-01-20 20:37:34.126156
/watch?v=5ss9JpjQIuU&pp=ygUFSTUgV0E%3D,/@komonews,KOMO News,Seattle commuters prepare for traffic tangles as NB I-5 shuts down for essential bridge repairs,17K,6 months,Plan ahead and prepare for possible traffic backups and delays in Seattle this weekend. The Washington State Department ofÂ ...,2026-01-20 20:37:34.127505
/shorts/CxktvTYWjQM,/@ABC7,ABC7,Washington residents evacuate amid catastrophic flooding,38K,1 month,"Atmospheric rivers have dumped more than 15 inches of #rain on parts of #Washington state in the last few days, sparking historicÂ ...",2026-01-20 20:37:41.216564
/shorts/JisXftDUkWA,/@KING5Seattle,KING 5 Seattle,"Revive I-5 work ramps up, weekend closures ahead",15K,2 weeks,Revive I-5 work resumes on Seattle's Ship Canal Bridge this weekend. All northbound lanes will close Jan. 9-12; the two left lanesÂ ...,2026-01-20 20:37:41.217933
/shorts/ZidL0FGzTr4,/@KING5Seattle,KING 5 Seattle,WSP: Pedestrian killed in I-5 crash hit WSDOT truck hours earlier,13K,3 months,The 24-year-old died near the site of the initial hit-and-run on Interstate 5 in Shoreline.,2026-01-20 20:37:41.219584
/watch?v=GeYcaffDKFw&pp=ygUFSTUgV0E%3D,/@scenicseattle3632,Scenic Seattle,"Scenic Drive - Tacoma, WA - I5 Portland Ave to Point Defiance (Unedited) 01/09/2016",3.9K,10 years,"Scenic Drive - Tacoma, WA - I5 Portland Ave to Point Defiance (Unedited)",2026-01-20 20:37:41.220896
/shorts/a9miRD1w_Lo,/@KING5Seattle,KING 5 Seattle,"Seattle weekend travel alert: I-5, light rail, ferries",2.5K,9 days,"Seattle weekend travel alert! Here's what you need to know if you're heading out by car, light rail or ferry.",2026-01-20 20:37:41.223105
/shorts/JP0luPtRkx4,/@komonews,KOMO News,Several major roads to close around western Washington this weekend,5.2K,1 year,Drivers are bracing for another weekend of traffic jams as several major road closures are set to disrupt travel plans.,2026-01-20 20:37:41.224482
/shorts/i8RSh3gErvA,/@KING5Seattle,KING 5 Seattle,Drivers in Seattle warned of more heavy traffic this weekend,14K,4 months,WSDOT says travelers should expect delays on Interstate 5 and Interstate 405 as crews tackle construction and maintenance.,2026-01-20 20:37:41.225843
/watch?v=rVCegdeBCOU&pp=ygUFSTUgV0HSBwkJTwoBhyohjO8%3D,/@KOINLOCAL6,KOIN 6,Washington House passes bill allowing tolling to pay for new I-5 bridge,4.2K,2 years,Washington House passes bill allowing tolling to pay for new I-5 bridge Subscribe to KOIN 6's YouTube channel:Â ...,2026-01-20 20:37:41.227265
/shorts/MEfYnLTjQJc,/@KING5Seattle,KING 5 Seattle,A look at the closure of northbound lanes of I-5 across the Ship Canal Bridge,1.1K,8 days,Here's a look at the closure of the northbound lanes of I-5 over the Ship Canal Bridge in Seattle.,2026-01-20 20:37:41.228637
/shorts/o0qxHNv6P94,/@komonews,KOMO News,Revive I-5 work to restart on Ship Canal Bridge,4.5K,2 weeks,Revive I-5 work on the bridge starts up again this month. Full story on KOMOnews.com -------------------------------------------------- ForÂ ...,2026-01-20 20:37:41.232388
/shorts/m3E_NYx1wNA,/@malluseattle,MALLU SEATTLE,SnowðŸ¥¶Wet Road Car Accidents Freeway I-5 [Yakima Valley Washington USA],757,9 days,snow #wet #road #car #accident #freeway #i5 #yakima #valley #washingtonstate #usa.,2026-01-20 20:37:41.233746
/watch?v=_vN5X45D7EQ&pp=ygUFSTUgV0E%3D,/@KING5Seattle,KING 5 Seattle,Man and woman shot on southbound I-5 in Lakewood,5K,4 years,"A shooting was reported on southbound I-5 at Bridgeport Way SW near Lakewood Wednesday afternoon, according to theÂ ...",2026-01-20 20:37:41.236737
/shorts/wvZqSjbAWCc,/@PACIFICTRIMNW,PACIFIC TRIM,Right off of I5 in Woodland Washington - Pac Trim delivers to WA & OR,520,1 year,Pac Trim (Pacific Trim) is located in Woodland Washington where they provide USA made products to partners like Sun-Maid andÂ ...,2026-01-20 20:37:41.238135
/watch?v=3PwUwvUFHD4&pp=ygUFSTUgV0HSBwkJTwoBhyohjO8%3D,/@maxliincanada,Max Li in Canada,"Driving Through I5 Highway , WA , US",50,9 days,"Driving Through I5 Highway , WA , US.",2026-01-20 20:37:41.240705
/watch?v=E4gVT0tVRM4&pp=ygUFSTUgV0E%3D,/@KING5Seattle,KING 5 Seattle,"Two pedestrians struck, killed on I-5 in western Washington within 24 hours",21K,1 year,"Two pedestrians were killed on I-5 in western Washington in less than 24 hours on April 5, according to law enforcement officials.",2026-01-20 20:37:41.242155
/watch?v=Bil0QSWpvRo&pp=ygUFSTUgV0E%3D,/@maxliincanada,Max Li in Canada,"Driving Through I5 Highway , WA , US",49,3 weeks,"Driving Through I5 Highway , WA , US.",2026-01-20 20:37:49.548929
/watch?v=dMXOszdes4U&pp=ygUFSTUgV0E%3D,/@maxliincanada,Max Li in Canada,"Driving Through I5 Highway , WA-US",39,3 months,"Driving Through I5 Highway , WA-US.",2026-01-20 20:37:49.550210
/watch?v=Q7UUFoIN4OM&pp=ygUFSTUgV0E%3D,/@komonews,KOMO News,Deadly semi crash closes I-5 in Tacoma,49K,8 months,A deadly rollover crash and fire involving a semi-truck has closed both directions of Interstate 5 in Tacoma Tuesday morning.,2026-01-20 20:37:49.551391
/shorts/k2RRGSA5BoM,/@TMZ,TMZ,Video Shows Moment Man Carjacks Washington State Patrol Lieutenant's Car,28K,3 weeks,EXCLUSIVE: A man in Seattle is in police custody after stealing a patrol car from a Washington State Patrol lieutenant ... and weÂ ...,2026-01-20 20:37:49.553007
/watch?v=bK2deD6phVA&pp=ygUFSTUgV0E%3D,/@maxliincanada,Max Li in Canada,"Driving Through I5 Highway , WA-US",48,4 months,"Driving Through I5 Highway , WA-US.",2026-01-20 20:37:49.554685
/watch?v=DfjJj4UJa0o&pp=ygUFSTUgV0E%3D,/@maxliincanada,Max Li in Canada,"Driving Through I5 Highway , WA-US",25,3 months,"Driving Through I5 Highway , WA-US.",2026-01-20 20:37:49.557131
/watch?v=MvYHt49DQ0g&pp=ygUFSTUgV0E%3D,/@SeattleInTheStreets,Seattle In The Streets,"Driver video:  Driving I5 Freeway exit 164 downtown, Spring morning | Washington Us",79,8 months,"Driving I5 Freeway exit 164 downtown, Spring morning | Washington Us Thank you for watching the video! #driverseattleÂ ...",2026-01-20 20:37:49.558394
/watch?v=0sootVfZL8w&pp=ygUFSTUgV0E%3D,/@maxliincanada,Max Li in Canada,"Driving Through I5 Highway , WA , US",60,3 months,"Driving Through I5 Highway , WA , US.",2026-01-20 20:37:49.560827
/shorts/H4reGfIqUK0,/@KGWNews8,KGW News,I-5 Closes overnight f,627,2 months,"There's a full freeway closure of I-5 will, both directions between the Marquam Bridge and Terwilliger Blvd, overnight from 11 PMÂ ...",2026-01-20 20:37:49.562216
/shorts/2hHeZRNAnng,/@KING5Seattle,KING 5 Seattle,Revive I-5 returns this weekend with northbound closure,641,11 days,Two years of scheduled lane closures begin this weekend with full closure of the northbound lanes on I-5 over the Ship CanalÂ ...,2026-01-20 20:37:49.564620
/watch?v=hojyy9NbAEM&pp=ygUFSTUgV0E%3D,/@CTSRapidSet,CTSRapidSet,"Rapid SetÂ® Concrete - I5 - Professional Concrete Restoration Demo - Seattle, WA",615,7 years,"https://www.ctscement.com/ Rapid SetÂ® Concrete Professional Concrete Restoration on I5 in Seattle, WA For inquiries please call:Â ...",2026-01-20 20:37:49.566339
/shorts/DOvZJPe4Kug,/@komonews,KOMO News,Vehicle struck by gunfire on southbound I-5 in Seattle during evening commute,9.1K,1 year,"A driver was shot at while traveling along Interstate 5 in Seattle Monday evening, according to the Washington State Patrol.",2026-01-20 20:37:49.570155
/watch?v=a_tuuGoHPeE&pp=ygUFSTUgV0E%3D,/@fox13seattle,FOX 13 Seattle,Deadly shooting causes massive backup on I-5 | FOX 13 Seattle,147K,1 year,"On Sunday afternoon, motorists resorted to turning around on Interstate 5 near 77th Street when police abruptly shut down allÂ ...",2026-01-20 20:37:49.571398
/watch?v=bZlrvpd7H0E&pp=ygUFSTUgV0E%3D,/@MileageMikeTravels,Mileage Mike Travels,I-5 North - Seattle - Tacoma - Everett - Washington - 4K Highway Drive,22K,1 year,"Interstate 5 northbound in the Seattle, WA Area. Filmed: December 2024 Follow on Instagram: https://instagram.com/mileagemikeÂ ...",2026-01-20 20:37:49.573226
/watch?v=8Fn_30AD7Pk&pp=ygUMSW50ZXJzdGF0ZSA1,/@CGPGrey,CGP Grey,How Interstate Numbers Actually Work,12M,3 years,"Thank you, Bonnie Bees, for making this video possible: https://www.patreon.com/cgpgrey ## Related Videos - Driving a TeslaÂ ...",2026-01-20 20:38:03.615873
/watch?v=zdvvtg2pgBI&list=RDzdvvtg2pgBI&start_radio=1&pp=ygUMSW50ZXJzdGF0ZSA1oAcB,/@WeddingPresentTV,WeddingPresentTV,"The Wedding Present - Interstate 5 (Promotional Video, 2005)",21K,14 years,Official video for 'Interstate 5' by The Wedding Present. Directed by Tim Middlewick www.motiontm.com.,2026-01-20 20:38:03.618014
/watch?v=0ABsg_iweyY&pp=ygUMSW50ZXJzdGF0ZSA1,/@GeographyMadeSimple-ry6fb,Geography Made Simple,Interstate 5,1.2K,2 years,Today we are going to be talking about the most western Interstate in the continental US. We will talk about the route and theÂ ...,2026-01-20 20:38:03.622040
/watch?v=XA0rSW0sIbM&pp=ygUMSW50ZXJzdGF0ZSA1,/@NeonDrivingTours,Neon Driving Tours,San Francisco to Los Angeles Complete Road Trip via I-5 4K60 HDR,184K,2 months,Today we're driving from San Francisco to Los Angeles on a beautiful clear California day. This video is shot in realtime with noÂ ...,2026-01-20 20:38:03.627371
/watch?v=WxqYymMijh0&pp=ygUMSW50ZXJzdGF0ZSA1,/@californiathroughmylens,California Through My Lens,"17 Stops on an Interstate 5 Road Trip: Caves, Restaurants, Bridges & State Parks",70K,3 years,"Interstate 5, also known as the I5, runs from Mexico to Canada and crosses California, Oregon and Washington. My dad and IÂ ...",2026-01-20 20:38:03.629401
/watch?v=pvUj2M-wRHQ&pp=ygUMSW50ZXJzdGF0ZSA1,/@FreewayBrent,FreewayBrent,"Interstate 5 in California, The Grapevine in Both Directions",195K,11 years,"Here it is. Interstate 5 in Southern California, going up and then down the Grapevine. Simply put, this is one of THE MOSTÂ ...",2026-01-20 20:38:03.632440
/watch?v=26-4oARwfF4&pp=ygUMSW50ZXJzdGF0ZSA1,/@drive,The Drive,"He secretly changed this freeway sign, helped millions of drivers",7.1M,1 year,"Back in 2001, tired of government inaction, an artist in Los Angeles crafted and installed a perfect fake sign to fix a confusingÂ ...",2026-01-20 20:38:03.634127
/watch?v=zSY1Ux7UbPU&pp=ygUMSW50ZXJzdGF0ZSA1,/@DashCamTours,Dash Cam Tours,1 of 2 Driving Entire Interstate Freeway I-5 South From Canada ðŸ‡¨ðŸ‡¦ Border to Mexico ðŸ‡²ðŸ‡½ Border - 4K,170K,5 years,Part 1 of 2. Driving Entire Interstate Freeway I-5 South From Canada Border to Mexico Border - 4K This USA road trip starts in theÂ ...,2026-01-20 20:38:03.636990
/watch?v=-IBPAC9LSAw&pp=ygUMSW50ZXJzdGF0ZSA1,/@FullLengthInterstates,Full Length Interstates,CA Interstate 5 Full State Detailed Timestamps 1440p Southbound 12 hours,29K,2 years,"Are you ready for 12 hours of California? 11.0 hours daylight, 8.5 hours blue skies, 30 minutes rain in the San Diego area,Â ...",2026-01-20 20:38:03.642938
/watch?v=tQmqh5c8KJU&pp=ygUMSW50ZXJzdGF0ZSA1,/@DashCamTours,Dash Cam Tours,2 of 2 Driving Entire Interstate Freeway I-5 South From Canada ðŸ‡¨ðŸ‡¦ Border to Mexico ðŸ‡²ðŸ‡½ Border - 4K,104K,5 years,Part 2 of 2. Driving Entire Interstate Freeway I-5 South From Canada Border to Mexico Border - 4K This USA road trip starts in theÂ ...,2026-01-20 20:38:03.644295
/shorts/gcRJzOfFDJ8,/@kagan.dunlap,Kagan Dunlap,A 155mm Artillery Shell Detonated Over I-5 During USMC 250 Celebration #military #army #soldier,563K,2 months,Watch full video here: https://youtu.be/H_xd5oPfDxI.,2026-01-20 20:38:03.645701
/watch?v=Phe-aISXRrQ&pp=ygUMSW50ZXJzdGF0ZSA1,/@fanjin,Fan Jin,Interstate 5 North Time Lapse in 2 Hours (10x speed),64K,4 years,"From US-Mexico border to US-Canada border! Departure: San Diego, CA / Exit 3 Day 1 Lunch: Los Angeles, CA / Exit 134A Day 1Â ...",2026-01-20 20:38:03.647538
/watch?v=XmmJRT675cM&pp=ygUMSW50ZXJzdGF0ZSA1,/@ScaryMysteries,Scary Mysteries,The I-5 Killer: A Former Football Star Turned Serial Murderer,461K,10 months,A former NFL player with the mind of a monster turned Interstate 5 along the west coast into his personal route of terror. RandallÂ ...,2026-01-20 20:38:03.650991
/watch?v=z7Xsjq9yq2c&pp=ygUMSW50ZXJzdGF0ZSA1,/@ControlCityFreak,Control City Freak,Interstate 5: Westside Express,16K,1 year,"Interstate 5 is the backbone of the West Coast, and runs the gamut between urban, rural, suburban, breathtakingly beautiful, andÂ ...",2026-01-20 20:38:03.652274
/watch?v=DeFY9u69tkE&pp=ygUMSW50ZXJzdGF0ZSA1,/@rogue_angel,Michael B,Cars taking the (I-5 South) Union street exit too fast,5.6M,4 years,"Over the past four years, I've been recording vehicles taking the I-5 Union street freeway exit too fast. This is just a quickÂ ...",2026-01-20 20:38:03.653581
/watch?v=5YM-9bQuMpg&pp=ygUMSW50ZXJzdGF0ZSA1,/@fanjin,Fan Jin,"Interstate 5 North Road Trip, 1x speed (Part 2 of 2)",34K,4 years,"From US-Mexico border to US-Canada border! Part 1: https://www.youtube.com/watch?v=_8URm7jMlUg Departure: San Diego,Â ...",2026-01-20 20:38:03.654763
/shorts/mXwbsead9lc,/@funworldtimes,Fun World Times,Interstate 5 - Can You Drive From Canada To Mexico In One Day? #america #geography #usa #shorts,16K,2 years,"Is it possible to drive from Canada to Mexico in just one day? Starting at the US-Canada border in Blaine, Washington, we canÂ ...",2026-01-20 20:38:10.749993
/watch?v=Tf3GEPNnvJ4&pp=ygUMSW50ZXJzdGF0ZSA10gcJCU8KAYcqIYzv,/@FullLengthInterstates,Full Length Interstates,Interstate 5 Full Length in 8 hours (ðŸš„250%) Southbound 4K60 detailed time stamps,6.4K,2 years,Enjoy the classic road trip along the full contiguous West Coast (WA OR CA) from Sunny Washington to Cloudy San Diego!,2026-01-20 20:38:10.751857
/watch?v=4ypm_ncPHM0&pp=ygUMSW50ZXJzdGF0ZSA1,/@Freewayjim,Freewayjim,18-10: CA I-5 South From the Grapevine (2015 Unused Footage),66K,7 years,This previously unused footage from 2015 follows I-5 South from the CA-99 merge through the Grapevine and TehachapiÂ ...,2026-01-20 20:38:10.754737
/watch?v=MDHHqr3X9rs&pp=ygUMSW50ZXJzdGF0ZSA1,/@latimes,Los Angeles Times,Interstate 5: Freeway facts and fiction,909,10 years,"This video features facts and fiction about Interstate 5, along with time-lapse photography of a drive between Coalinga and LosÂ ...",2026-01-20 20:38:10.758182
/watch?v=9sj3trid5oA&pp=ygUMSW50ZXJzdGF0ZSA1,/@fox13seattle,FOX 13 Seattle,Revive I-5 work resumes this weekend | FOX 13 Seattle,991,3 years,SB I-5 will be reduced to one lane from I-90 to the West Seattle Bridge. Subscribe to FOX 13 Seattle:Â ...,2026-01-20 20:38:10.759789
/watch?v=x6Q5S6cmIXI&pp=ygUMSW50ZXJzdGF0ZSA1,/@KGWNews8,KGW News,A look at what it takes to keep the I-5 bridge operating,14K,4 years,Parts of the Interstate Bridge date back to as early as 1917. There's a nine-person team that keeps the century-old bridge going.,2026-01-20 20:38:10.761204
/watch?v=j95qNDzZXws&pp=ygUMSW50ZXJzdGF0ZSA1,/@cbs8sandiego,CBS 8 San Diego,"Marine ammunition hits, damages California Highway Patrol vehicle",37K,3 months,... a U.S. military demonstration involving live ammunition that was discharged over the Interstate 5 freeway near Camp Pendleton.,2026-01-20 20:38:10.763964
/watch?v=6n66kADMZsQ&pp=ygUMSW50ZXJzdGF0ZSA10gcJCU8KAYcqIYzv,/@KCRA,KCRA 3,Gas tax to fund I-5 construction from Sacramento to Elk Grove,491,7 years,A portion of Interstate 5 will go under a massive reconstruction from Elk Grove to downtown Sacramento. Caltrans said it's theÂ ...,2026-01-20 20:38:10.765776
/watch?v=XJsz56Tho6I&pp=ygUMSW50ZXJzdGF0ZSA1,/@BTE4172,Beyond The Exit,5 Highways That Were Erased by the Interstate,15K,7 months,"In 1926, the United States started the numbered highway system, creating over 186 different routes across America. They helpedÂ ...",2026-01-20 20:38:10.768214
/watch?v=SYlZLmaairA&pp=ygUMSW50ZXJzdGF0ZSA10gcJCU8KAYcqIYzv,/@OregonDOT,OregonDOT,Driving I-5 Siskiyou Summit in Winter - How to Drive It,184K,8 years,A primer on how to drive I-5 Siskiyou Summit in the winter: how to prepare and how Oregon DOT and Caltrans manage the 136Â ...,2026-01-20 20:38:10.770323
/watch?v=WB_9xSMi8Vg&pp=ygUMSW50ZXJzdGF0ZSA1,/@CBSLA,CBS LA,"Shrapnel from artillery round fired over I-5 falls onto CHP cruiser, department says",46K,3 months,"A patrol vehicle was struck by shrapnel from an artillery round that was fired during Saturday's event at Camp Pendleton, officialsÂ ...",2026-01-20 20:38:10.773057
/watch?v=FJHnkasOvi4&pp=ygUMSW50ZXJzdGF0ZSA1,/@InterstateKyle,InterstateKyle,"Interstate 5 North: Wheeler Ridge to Tracy, California | 250 Miles Through the San Joaquin Valley",12K,8 months,Want to support me further beyond YouTube? Please consider joining my Patreon and unlock exclusive features and help supportÂ ...,2026-01-20 20:38:10.775312
/watch?v=vA_U07ikxvs&pp=ygUMSW50ZXJzdGF0ZSA1,/@northerncrimes,Northern Crimes,The I-5 Murders,137K,1 year,The I-5 Murders: 00:00 - Intro 01:34 - The Survivor 02:21 - A Pattern Emerges 03:41 - Signs of Trouble 04:56 - A Troubled YouthÂ ...,2026-01-20 20:38:10.778688
/watch?v=juXzCPbR3u4&pp=ygUMSW50ZXJzdGF0ZSA1,/@cbs8sandiego,CBS 8 San Diego,Major traffic pileup continues to grow on Interstate 5 near Del Mar Heights Road,22K,1 month,"A man above an I-5 overpass near Del Mar Fairgrounds has delayed traffic for several hours. As of 6:30 p.m. Friday, traffic was stillÂ ...",2026-01-20 20:38:10.780331
/shorts/ej5DDXAFfzM,/@latimes,Los Angeles Times,Shrapnel fell onto CHP vehicle during U.S. military live-fire exercise over I-5,19K,3 months,The U.S. military exercise that shot live-fire artillery rounds over Interstate 5 on Saturday dropped metal shrapnel onto a CaliforniaÂ ...,2026-01-20 20:38:18.649880
/watch?v=_8URm7jMlUg&pp=ygUMSW50ZXJzdGF0ZSA1,/@fanjin,Fan Jin,"Interstate 5 North Road Trip, 1x speed (Part 1 of 2)",28K,4 years,"From US-Mexico border to US-Canada border! Part 1: https://www.youtube.com/watch?v=_8URm7jMlUg Departure: San Diego,Â ...",2026-01-20 20:38:18.652539
/watch?v=8Rd6qKF6QCk&pp=ygUMSW50ZXJzdGF0ZSA1,/@CBSLA,CBS LA,Portion of 5 Freeway closes for military live-fire event attended by Vice President Vance,135K,3 months,"The 5 Freeway, a major artery in Southern California, closed for a live-fire event at Camp Pendleton in northern San Diego CountyÂ ...",2026-01-20 20:38:18.653967
/watch?v=gR4yUADVwRg&pp=ygUMSW50ZXJzdGF0ZSA1,/@KING5Seattle,KING 5 Seattle,Lid I-5? Get rid of I-5? Varying perspectives on Seattle's aging freeway - New Day NW,6.1K,5 years,"Could Western Washington really function without a freeway downtown? Some say yes, including ""The Stranger"" staff writerÂ ...",2026-01-20 20:38:18.656476
/watch?v=O7lqDPahEs0&pp=ygUMSW50ZXJzdGF0ZSA1,/@AsphaltPlanet1,Asphalt Planet,"Interstate 5 South - Portland, Oregon",20K,1 year,"Drivelapse video of Interstate 5 south from Vancouver, Washington through the Portland Metro Area south towards Woodburn,Â ...",2026-01-20 20:38:18.657661
/watch?v=SPFZovoVSh0&pp=ygUMSW50ZXJzdGF0ZSA1,/@KGWNews8,KGW News,New timeline to replace I-5 Bridge,1.4K,4 years,"Plans to build a new I-5 bridge have come and gone over the years. But as Tim Gordon reports, there is a new timeline with plansÂ ...",2026-01-20 20:38:18.659113
/watch?v=YnR9HXJLgSw&pp=ygUMSW50ZXJzdGF0ZSA1,/@travelthetop,Travel The Top,The 14 BEST Stops When Driving Interstate 5 in California,5.4K,3 years,"Interstate 5 or I-5 is the major highway on the west coast running from Mexico through California, Oregon, and Washington all theÂ ...",2026-01-20 20:38:18.663090
/watch?v=9mT0azAJtFE&pp=ygUMSW50ZXJzdGF0ZSA1,/@InterstateKyle,InterstateKyle,"2K21 (EP 12) Interstate 5 North in Seattle, Washington",33K,4 years,Want to support InterstateKyle and help fund his road travels? Please contribute on my monthly Patreon and unlock exclusiveÂ ...,2026-01-20 20:38:18.664181
/watch?v=zn6QYTCLUuY&pp=ygUMSW50ZXJzdGF0ZSA1,/@fox13seattle,FOX 13 Seattle,WSDOT begins fall road construction with multiple I-5 and I-90 closures,5.3K,3 months,Drivers should expect delays this weekend as WSDOT begins a new round of fall construction projects. The closures will affectÂ ...,2026-01-20 20:38:18.665334
/watch?v=fhdx8OP2eT0&pp=ygUMSW50ZXJzdGF0ZSA1,/@cbs8sandiego,CBS 8 San Diego,Hours-long closure along Interstate 5 due to police activity,5K,1 month,Both sides of Interstate 5 are closed as of 4:30 p.m. Friday due to police activity at Del Mar Heights Road just north of the 56.,2026-01-20 20:38:18.666522
/watch?v=9O580ioLW-E&pp=ygUMSW50ZXJzdGF0ZSA10gcJCU8KAYcqIYzv,/@KING5Seattle,KING 5 Seattle,BREAKING: 20 car pileup on I-5,8.5K,1 day,Up to 20 cars are involved in a pileup on I-5 N near Fife.,2026-01-20 20:38:18.667697
/watch?v=X3EXFWBSr3I&pp=ygUMSW50ZXJzdGF0ZSA1,/@abc10news,ABC 10 News,Man threatening to jump shuts down I-5,831,6 years,Officers closed the freeway and trolley service near Old Town.,2026-01-20 20:38:18.670960
/watch?v=faimMLry81M&pp=ygUMSW50ZXJzdGF0ZSA1,/@kiro7,KIRO 7 News,Seattle traffic: Best detours as I-5 closures return,5.1K,11 days,"Construction on the Ship Canal Bridge is set to continue, as the Washington Department of Transportation (WSDOT) implementsÂ ...",2026-01-20 20:38:18.672037
/watch?v=ldw5MGHW3ac&pp=ygUMSW50ZXJzdGF0ZSA1,/@ABC10,ABC10,"Carpool lane, other changes coming to I-5 from Elk Grove to Downtown Sacramento",383,6 years,The biggest highway investment since 1975 is expected to make noticeable improvements and save drivers time on the I-5Â ...,2026-01-20 20:38:18.673282
/watch?v=HYTl1jCnRDc&pp=ygUMSW50ZXJzdGF0ZSA1,/@InterstateKyle,InterstateKyle,"Interstate 5 in Los Angeles, California",69K,8 years,You want to support InterstateKyle and help fund his road travels? Please contribute on my monthly Patreon and unlock exclusiveÂ ...,2026-01-20 20:38:18.674359
/shorts/sYRXKksAONk,/@lainaminute,L.A. in a Minute,Why does Interstate 5 Split. . .and go the â€œWrongâ€ Way?!?,10K,3 weeks,"Heading towards the Grapevine near Castaic, Interstate 5 splits and cars drive on the wrong side of a huge ravine. So why doesÂ ...",2026-01-20 20:38:18.675824
/watch?v=4WABu5yFM-c&pp=ygUMSW50ZXJzdGF0ZSA1,/@KGETNews,KGET News,Southbound I-5 slowdown due to semi truck fire,483,4 weeks,Southbound I-5 slowdown due to semi truck fire.,2026-01-20 20:38:18.679362
/watch?v=cczRaKnVZPA&pp=ygUMSW50ZXJzdGF0ZSA1,/@AsphaltPlanet1,Asphalt Planet,Golden State Freeway - Interstate 5 North - Los Angeles to Grapevine (Central Valley),48K,3 years,Drivelapse video of Interstate 5 starting from just east of the East Los Angeles Interchange and heading northerly through LAÂ ...,2026-01-20 20:38:18.680657
/watch?v=w-s8JRTWFfQ&pp=ygUMSW50ZXJzdGF0ZSA1,/@fox5sd,FOX 5 San Diego,I-5 Reopens Following Deadly Crash,2.1K,2 years,"The collision happened around 10:45 a.m. on southbound I-5, near Encinitas Boulevard, Officer Hunter Gerber with CaliforniaÂ ...",2026-01-20 20:38:18.682450
/shorts/HLu_jSffJv0,/@ABC7,ABC7,5 Freeway shutdown snarls traffic near Camp Pendleton,135K,3 months,"A 17-mile stretch of the 5 Freeway was shut down for about an hour, causing a traffic nightmare near Camp Pendleton, ahead of aÂ ...",2026-01-20 20:38:26.772297
/watch?v=LRCxyzKBhYo&pp=ygUMSW50ZXJzdGF0ZSA1,/@ktlathecw,KTLA 5,Storm Alert: 5 Freeway submerged under floodwaters,179K,3 weeks,Torrential downpours from Wednesday's atmospheric river event have caused widespread street flooding across metro LosÂ ...,2026-01-20 20:38:26.773322
/watch?v=6IhkKVKVMnI&pp=ygUMSW50ZXJzdGF0ZSA10gcJCU8KAYcqIYzv,/@InterstateKyle,InterstateKyle,2K21 (EP 1) Interstate 5 in Southern Oregon: Ashland to Grants Pass,16K,4 years,Want to support InterstateKyle and help fund his road travels? Please contribute on my monthly Patreon and unlock exclusiveÂ ...,2026-01-20 20:38:26.774019
/watch?v=iStzDWintTU&pp=ygUMSW50ZXJzdGF0ZSA1,/@fox5sd,FOX 5 San Diego,Portion of northbound I-5 closed from Oct. 24-27,7.1K,2 months,Crews with the California Department of Transportation will close parts of northbound Interstate 5 this weekend until early MondayÂ ...,2026-01-20 20:38:26.774728
/watch?v=KcYsRY5dvDU&pp=ygUMSW50ZXJzdGF0ZSA1,/@cbs8sandiego,CBS 8 San Diego,Money on I-5 in Carlsbad stops traffic as San Diegans gather up cash,42K,4 years,An armored vehicle was in a minor traffic incident on northbound Interstate 5 near Tamarack Avenue in Carlsbad at 9:15 a.m.Â ...,2026-01-20 20:38:26.775472
/watch?v=UgIt3itNME4&pp=ygUMSW50ZXJzdGF0ZSA1,/@KCRA,KCRA 3,Downpours trigger flooding on I-5 in Southern California,11K,3 weeks,Here's a look at some of the severe weather impacts in Southern California. KCRA 3 is your home for California breaking newsÂ ...,2026-01-20 20:38:26.776138
/watch?v=TKDeSadpwMM&pp=ygUMSW50ZXJzdGF0ZSA1,/@CBSLA,CBS LA,I-5 Closed In Commerce After Crash Leaves 3 Dead,66K,9 years,"The accident on the southbound I-5 at Garfield Avenue took place just after midnight, the CHP said. Jennifer Kastner reports.",2026-01-20 20:38:26.777453
/watch?v=P20Sl4S5kg8&pp=ygUMSW50ZXJzdGF0ZSA1,/@KGETNews,KGET News,Winter weather closes Interstate 5 over the Grapevine,2.3K,11 months,Winter weather closes Interstate 5 over the Grapevine.,2026-01-20 20:38:26.778579
/watch?v=TsfO-ZoR8ag&pp=ygUMSW50ZXJzdGF0ZSA1,/@compdude100,compdude100,Interstate 5 South thru Seattle in 4K (2021-E09),5.6K,4 years,"A video showing the drive on Interstate 5 south through Seattle, WA. This sped-up dashcam video is filmed in 4K in August 2020.",2026-01-20 20:38:26.779333
/watch?v=H-UO07U7BAQ&pp=ygUMSW50ZXJzdGF0ZSA1,/@fox5sd,FOX 5 San Diego,Northbound I-5 closed due to police activity,49K,1 month,"All northbound lanes of a stretch of Interstate 5 between San Diego and Del Mar have been closed due to police activity,Â ...",2026-01-20 20:38:26.779987
/watch?v=KVGeVB2NF5M&pp=ygUMSW50ZXJzdGF0ZSA1,/@komonews,KOMO News,"Driver without lights on clocks 156 mph on I-5, disappears into fog on New Year's Eve",69K,13 days,A Washington State Patrol (WSP) trooper clocked a driver screaming down Interstate 5 at a speed that's hard to believe. ShortlyÂ ...,2026-01-20 20:38:26.780658
/watch?v=2lT3HLNmWwA&pp=ygUMSW50ZXJzdGF0ZSA1,/@KCRA,KCRA 3,Speed Limit Drops In I-5 Work Zone,1.2K,17 years,The California Department of Transportation has lowered the speed limit on Interstate 5 from 65 mph to 55 mph from FruitridgeÂ ...,2026-01-20 20:38:26.782004
/watch?v=yuY-z2mZZuM&pp=ygUMSW50ZXJzdGF0ZSA1,/@KING5Seattle,KING 5 Seattle,Some Seattle commuters opt for alternatives to beat weekend I-5 closure,4.8K,5 months,"Starting late Friday night and lasting through early Monday morning, NB I-5 will be closed from the I-90 interchange to NortheastÂ ...",2026-01-20 20:38:26.783281
/watch?v=2-lQiqB-vXI&pp=ygUMSW50ZXJzdGF0ZSA10gcJCU8KAYcqIYzv,/@cbssacramento,CBS News Sacramento,$39 million project aims to improve I-5 in Sacramento,2.1K,2 years,Caltrans began work Tuesday on a $39 million project aimed at improving safety and easing congestion between SacramentoÂ ...,2026-01-20 20:38:26.783886
/watch?v=BJHu6OPDMhM&pp=ygUMSW50ZXJzdGF0ZSA1,/@abc10news,ABC 10 News,I-5 freeway reopens following hours-long closure,25K,1 month,Southbound lanes along Interstate 5 near Del Mar Heights Road have reopened following an hours-long closure Friday due toÂ ...,2026-01-20 20:38:26.784552
/watch?v=wa_i9hvnSe0&pp=ygUMSW50ZXJzdGF0ZSA1,/@BeaverGeography,Beaver Geography,5 Places The US Needs Interstates,147K,3 years,"5 Places The US Needs Interstates âœµIn June 1956, the first portion of the interstate system was opened in Central Missouri. fromÂ ...",2026-01-20 20:38:26.785256
/watch?v=cPsFgyToKiE&pp=ygUMSW50ZXJzdGF0ZSA1,/@fox5sd,FOX 5 San Diego,Pursuit Ends With Driver Jumping Over Barrier On I-5 Freeway,6.3K,3 years,Commander Captain Taylor Cooper stated in a press release Tuesday that officers attempted to pull over a white Mercedes BenzÂ ...,2026-01-20 20:38:26.786041
/watch?v=zn6QYTCLUuY&pp=ygUGSS01IFdB,/@fox13seattle,FOX 13 Seattle,WSDOT begins fall road construction with multiple I-5 and I-90 closures,5.3K,3 months,Drivers should expect delays this weekend as WSDOT begins a new round of fall construction projects. The closures will affectÂ ...,2026-01-20 20:38:41.512014
/watch?v=EnLwY7bSuEE&pp=ygUGSS01IFdB,/@KING5Seattle,KING 5 Seattle,BREAKING: I-5 northbound fully blocked after crash near US 1-1 in Olympia,3.8K,1 month,No reports of any injuries or a timetable to reopen the roadway has been given.,2026-01-20 20:38:41.518506
/watch?v=XHgM08aOcVA&pp=ygUGSS01IFdB,/@i5.commuters,i5 Commuters,Is I-5 WA the most chaotic highway in the U.S.? | The i5 Commuters,785,11 months,"It's an age-old question, really. Does the area I live in have worse drivers than the general U.S. population? We have lived, andÂ ...",2026-01-20 20:38:41.519881
/watch?v=0rS1ZfhYs-o&pp=ygUGSS01IFdB,/@fox13seattle,FOX 13 Seattle,Preparing for another I-5 weekend closure in Seattle | FOX 13 Seattle,6.7K,6 months,"Drivers in Seattle should prepare for significant traffic delays this weekend, as multiple road closures are planned across theÂ ...",2026-01-20 20:38:41.521293
/watch?v=vdhhlylAXPY&pp=ygUGSS01IFdB,/@komonews,KOMO News,"Long-term I-5 lane reductions to impact Seattle traffic, drivers urged to plan for delays",18K,11 days,Drivers heading through Seattle will need to adjust their travel plans starting this weekend as major construction resumes onÂ ...,2026-01-20 20:38:41.525860
/watch?v=9IKrpiE9wMw&pp=ygUGSS01IFdB,/@KING5Seattle,KING 5 Seattle,New I-5 bridges over Puyallup River in Tacoma include longest-ever beam,8.1K,5 years,The bridge project is the last of 14 major projects that have stretched out along I-5 through Tacoma for two decades.,2026-01-20 20:38:41.527104
/watch?v=t48sj-AIu8Q&pp=ygUGSS01IFdB,/@7NewsDC,ABC 7 News - WJLA,I-5 Bridge collapse near Seattle,2.6K,12 years,I-5 Bridge collapse near Seattle. Stay up to date with our social media: WJLA on Facebook: https://www.facebook.com/wjlatv/Â ...,2026-01-20 20:38:41.529731
/watch?v=KVGeVB2NF5M&pp=ygUGSS01IFdB,/@komonews,KOMO News,"Driver without lights on clocks 156 mph on I-5, disappears into fog on New Year's Eve",69K,13 days,A Washington State Patrol (WSP) trooper clocked a driver screaming down Interstate 5 at a speed that's hard to believe. ShortlyÂ ...,2026-01-20 20:38:41.530957
/watch?v=4FWUcXSDj7w&pp=ygUGSS01IFdB0gcJCU8KAYcqIYzv,/@fox13seattle,FOX 13 Seattle,I-5 road rage attack prompts safety talks with WA contractors | FOX 13 Seattle,2.1K,1 year,The Washington Department of Transportation is going over safety protocols with workers after last week's attack on twoÂ ...,2026-01-20 20:38:41.534198
/watch?v=gR4yUADVwRg&pp=ygUGSS01IFdB,/@KING5Seattle,KING 5 Seattle,Lid I-5? Get rid of I-5? Varying perspectives on Seattle's aging freeway - New Day NW,6.1K,5 years,"Could Western Washington really function without a freeway downtown? Some say yes, including ""The Stranger"" staff writerÂ ...",2026-01-20 20:38:41.536461
/watch?v=MfZ-oOvBEXQ&pp=ygUGSS01IFdB0gcJCU8KAYcqIYzv,/@KING5Seattle,KING 5 Seattle,Changes coming this weekend for southbound I-5 in Tacoma,3.4K,4 years,Drivers who use Interstate 5 through Tacoma should prepare for some changes as the Washington State Department ofÂ ...,2026-01-20 20:38:41.537657
/watch?v=ZI-pF-FNEKY&pp=ygUGSS01IFdB,/@KING5Seattle,KING 5 Seattle,Northbound I-5 to close overnight Friday in Seattle,8.8K,2 years,Travelers using northbound Interstate 5 through downtown Seattle should plan for delays this weekend.,2026-01-20 20:38:41.539079
/watch?v=vdpcUkL31X0&pp=ygUGSS01IFdB0gcJCU8KAYcqIYzv,/@fox13seattle,FOX 13 Seattle,"Troopers investigating deadly crash on I-5 in Kent, WA | FOX 13 Seattle",4.4K,3 months,"A fatal motorcycle crash early Friday shut down northbound I-5 near Kent around SR 516, leaving one lane open as troopersÂ ...",2026-01-20 20:38:41.540760
/watch?v=gSeU_BSrVuQ&pp=ygUGSS01IFdB,/@KING5Seattle,KING 5 Seattle,BREAKING: Overturned truck containing live chickens on I-5 in Dupont,2K,1 month,A semi-truck containing live chickens overturned on I-5 in Dupont near Mounts Rd. causing a 4 mile backup.,2026-01-20 20:38:41.543748
/watch?v=jvNr-c-EnpM&pp=ygUGSS01IFdB,/@KING5Seattle,KING 5 Seattle,"Suspect drags trooper out of patrol car, then steals her vehicle on Interstate 5 in Seattle",118K,3 weeks,The suspect was taken into custody following a chase with law enforcement. Neither the suspect nor law enforcement were hurt.,2026-01-20 20:38:41.544866
/watch?v=47M9bepk5-Q&pp=ygUGSS01IFdB,/@Fox12oregon,"KPTV FOX 12 | Local news, weather Portland, Oregon","Oregon, Washingtonâ€™s I-5 bridge replacement project gets $1.5B in new federal money",1.3K,1 year,The U.S. Department of Transportation on Friday released $1.5 billion to help replace the Interstate 5 bridge between Oregon andÂ ...,2026-01-20 20:38:41.546983
/watch?v=h-vtGHIFOFk&pp=ygUGSS01IFdB,/@KING5Seattle,KING 5 Seattle,"Street-racing may be cause of multi-vehicle crash on I-5, investigators say",62K,3 years,All lanes of southbound Interstate 5 in Tacoma reopened following a crash involving three cars and a motorcycle TuesdayÂ ...,2026-01-20 20:38:41.548423
/watch?v=FWOY4qkHvs4&pp=ygUGSS01IFdB,/@KING5Seattle,KING 5 Seattle,Southbound I-5 partially closed in south SeattleÂ after multiple cars hit broken expansion joint,12K,3 years,The Washington State Department of Transportation said up to 10 vehicles hit a broken expansion joint on southbound I-5 inÂ ...,2026-01-20 20:38:41.551065
/watch?v=zV1vpzU9738&pp=ygUGSS01IFdB,/@fox13seattle,FOX 13 Seattle,"20-mile stretch of I-5 in Lewis, Thurston counties closed due to flooding | FOX 13 Seattle",2.2K,4 years,Interstate 5 between Lewis and Thurston counties is shut down because of area flooding Friday morning. Subscribe to FOX 13Â ...,2026-01-20 20:38:48.284954
/watch?v=bX7hGLy8mdo&pp=ygUGSS01IFdB,/@KING5Seattle,KING 5 Seattle,How to navigate I-5 closure through downtown Seattle beginning Friday night,4.5K,5 months,WSDOT crews are working to wrap up critical renovations on the Ship Canal Bridge.,2026-01-20 20:38:48.286443
/watch?v=9O580ioLW-E&pp=ygUGSS01IFdB,/@KING5Seattle,KING 5 Seattle,BREAKING: 20 car pileup on I-5,8.5K,1 day,Up to 20 cars are involved in a pileup on I-5 N near Fife.,2026-01-20 20:38:48.287905
/watch?v=iHi9OjXxrlw&pp=ygUGSS01IFdB,/@fox13seattle,FOX 13 Seattle,WSP: Driver who caused crash that shut down I-5 North in Tacoma was going over 100mph,10K,4 years,Troopers say a driver who caused an hours-long closure of Interstate 5 in Tacoma was going over 100mph before losing controlÂ ...,2026-01-20 20:38:48.289373
/watch?v=jD_RdrB-cuc&pp=ygUGSS01IFdB,/@KING5Seattle,KING 5 Seattle,"Advocates say I-5 lid projects could add open space, connections over freeway",1.6K,2 years,Supports say it would connect the neighborhoods divided by I-5 and reduce pollution.,2026-01-20 20:38:48.290799
/watch?v=c5_bAnxrqWs&pp=ygUGSS01IFdB,/@KING5Seattle,KING 5 Seattle,Dashcam video shows 21 car pileup on I-5 as it happens,922,6 hours,A viewer sent in dashcam video as they narrowly avoided being in the 21-car pileup crash on I-5 N in Fife on Monday.,2026-01-20 20:38:48.292714
/watch?v=etQ_WLSQNmk&pp=ygUGSS01IFdB,/@KING5Seattle,KING 5 Seattle,"Washington, Oregon considering adding tolls for I-5 bridge",1.3K,1 year,The Washington State Transportation Commission met with the Oregon Department of Transportation Tuesday to discuss tolls onÂ ...,2026-01-20 20:38:48.294120
/watch?v=N-QgbWnAXxU&pp=ygUGSS01IFdB,/@NewsWatch12,NewsWatch 12,$1.5 million coming for I-5 bridge replacement,200,1 year,"The bridge is in between Portland and Vancouver, WA.",2026-01-20 20:38:48.295543
/watch?v=w5XCEwbSmIQ&pp=ygUGSS01IFdB,/@KING5Seattle,KING 5 Seattle,Miles long traffic jams expected on I-5 in Tacoma this weekend,2.5K,5 years,"WSDOT is narrowing a section of northbound I-5 this weekend to one lane, which will cause long delays.",2026-01-20 20:38:48.296935
/watch?v=-em3GzgLAF4&pp=ygUGSS01IFdB,/@KING5Seattle,KING 5 Seattle,Multi-car accident on I-5 in Tacoma a big mess,1.2K,7 years,Both north and southbound lanes of I-5 near the Hwy 16 exit are affected.,2026-01-20 20:38:48.299681
/watch?v=Da92mEX1UsU&pp=ygUGSS01IFdB,/@fox13seattle,FOX 13 Seattle,Revive I-5 construction on Seattle's Ship Canal Bridge begins,2.7K,11 days,"WSDOT is warning Seattle drivers to plan ahead for traffic as Revive I-5: Ship Canal Bridge Preservation work begins Jan. 9, 2026Â ...",2026-01-20 20:38:48.301109
/watch?v=RiPLoTNU9Q4&pp=ygUGSS01IFdB,/@KING5Seattle,KING 5 Seattle,Washington adds orange lane striping to I-5 work zone for first time,13K,2 years,Orange lane striping was added last week along an Interstate 5 construction zone in Fife in order to improve worker and driverÂ ...,2026-01-20 20:38:48.302466
/watch?v=_ZLQvc5Yl1Y&pp=ygUGSS01IFdB0gcJCU8KAYcqIYzv,/@KING5Seattle,KING 5 Seattle,I-5 closures this weekend,147,7 years,KING 5's Michael Crowe reports.,2026-01-20 20:38:48.303815
/watch?v=7Li7FRrMLdA&pp=ygUGSS01IFdB,/@KGWNews8,KGW News,"Head of I-5 bridge replacement project says it's time to get it done, but critics remain",2.4K,4 years,"Greg Johnson, the leader of the Interstate Bridge Replacement project, and Joe Cortright, a Portland economist opposed toÂ ...",2026-01-20 20:38:48.307039
/watch?v=CilcvWg04Gg&pp=ygUGSS01IFdB,/@komonews,KOMO News,TRAFFIC ALERT: Northbound I-5 in Seattle FULLY CLOSED this weekend,2.8K,5 months,A full closure of the northbound I-5 across the Ship Canal Bridge in Seattle will continue this weekend despite the expectedÂ ...,2026-01-20 20:38:48.308503
/watch?v=RGKYbhRa_sA&pp=ygUGSS01IFdB0gcJCU8KAYcqIYzv,/@i5.commuters,i5 Commuters,An Interview with Washington State Trooper Kameron Watts | The i5 Commuter's Show on the Road,3.8K,7 days,The Unfiltered questions you've always wanted to ask a cop but never had the chance or the guts. We are just as surprised as youÂ ...,2026-01-20 20:38:48.310535
/watch?v=H244aI9lr6M&pp=ygUGSS01IFdB,/@KING5Seattle,KING 5 Seattle,WSDOT reopens NB I-5 lanes early after weekend repairs,1K,5 months,The lanes reopened on Sunday night. WSDOT originally planned to reopen the lanes on Monday morning.,2026-01-20 20:38:48.311879
/watch?v=6RZzWTJHSqs&pp=ygUGSS01IFdB,/@KING5Seattle,KING 5 Seattle,Major traffic change coming to I-5 in Tacoma,325,8 years,KING 5's Jenna Hanchard reports.,2026-01-20 20:38:48.313265
/watch?v=6eiL28jU2rQ&pp=ygUGSS01IFdB,/@fox13seattle,FOX 13 Seattle,WSP: 3 dead in hit-and-run DUI crash on I-5 in Lakewood,699,7 years,Three people were killed in a crash early Thursday morning on southbound Interstate 5 in Lakewood. MORE:Â ...,2026-01-20 20:38:55.190043
/watch?v=ZAZbfBFOXzE&pp=ygUGSS01IFdB,/@KING5Seattle,KING 5 Seattle,I-5 closure through downtown Seattle snarls traffic,5.5K,5 months,"The roadway will reopen at 5 a.m. Monday, Aug. 18.",2026-01-20 20:38:55.191563
/watch?v=izLKd51cx4k&pp=ygUGSS01IFdB,/@fox13seattle,FOX 13 Seattle,"Two crashes snarl traffic on I-5 in Lynnwood, WA",892,10 months,A crash and another incident on both sides of I-5 in Lynnwood are causing traffic disruptions Monday evening as police andÂ ...,2026-01-20 20:38:55.193051
/watch?v=bj42FqvRbEw&pp=ygUGSS01IFdB,/@KOINLOCAL6,KOIN 6,Families worried theyâ€™ll lose homes due to Ore-Wash I-5 bridge replacement,2.5K,1 year,"As plans move forward for replacing the Interstate 5 bridge that connects Washington and Oregon, some residents are worriedÂ ...",2026-01-20 20:38:55.194502
/watch?v=FvBUOMKt-vE&pp=ygUGSS01IFdB,/@CBSNews,CBS News,I-5 bridge collapses north of Seattle,1K,12 years,"A section of the Riverside Bridge, which carries traffic along Interstate-5 near Seattle collapsed after a truck hit an overhead beam,Â ...",2026-01-20 20:38:55.197770
/watch?v=7t3QYSVzB6Q&pp=ygUGSS01IFdB,/@KING5Seattle,KING 5 Seattle,How to get around the Seattle I-5 closure this weekend,1.3K,7 years,"WSDOT will close all lanes of northbound I-5 between the West Seattle Bridge and Olive Way starting at 8 p.m. Friday, June 1 untilÂ ...",2026-01-20 20:38:55.199106
/watch?v=Nei_UYW1Dsw&pp=ygUGSS01IFdB,/@KING5Seattle,KING 5 Seattle,NB I-5 sees typical backups for first evening commute,134,7 years,It's not just Seattle â€“ the viaduct closure is impacting traffic across the region. Chris Ingalls reports on the road in StormKING.,2026-01-20 20:38:55.200309
/watch?v=0lGrc2gR3zs&pp=ygUGSS01IFdB,/@komonews,KOMO News,Motorcyclist dies after police chase down I-5 ends in Lakewood crash,14K,2 months,"A police pursuit ended in a deadly crash in Lakewood on Tuesday at the intersection of South Tacoma Way and 100th Street SW,Â ...",2026-01-20 20:38:55.201580
/watch?v=MC4pdS45sPU&pp=ygUGSS01IFdB0gcJCU8KAYcqIYzv,/@KING5Seattle,KING 5 Seattle,"WSDOT plans major I-405, I-5 lane closures this weekend",1.2K,2 months,"Weather could cancel the I-405 construction, but rain will not affect the I-5 lane reductions over the weekend, WSDOT said.",2026-01-20 20:38:55.202845
/watch?v=X0geL1dYkyk&pp=ygUGSS01IFdB,/@KING5Seattle,KING 5 Seattle,"I-5 completely blocked due to flooding, landslides near Bellingham",7.7K,4 years,All lanes of Interstate 5 south of Bellingham will be closed overnight due to flooding and active landslides threatening the highwayÂ ...,2026-01-20 20:38:55.204061
/watch?v=GYK3bGY3pCQ&pp=ygUGSS01IFdB,/@KING5Seattle,KING 5 Seattle,Shutdown in Seattle: Drivers brace for closure of NB I-5 in Seattle,448,7 years,WSDOT is closing all northbound lanes of I-5 in downtown Seattle this weekend. KING 5's Greg Copeland has a preview:,2026-01-20 20:38:55.205346
/watch?v=VCIRCgEf4i0&pp=ygUGSS01IFdB,/@fox13seattle,FOX 13 Seattle,Weekend lane reductions on I-5 for joint replacement | FOX 13 Seattle,271,3 years,Get ready for traffic delays on I-5 this weekend as crews start work to repair and replace expansion joints between I-90 andÂ ...,2026-01-20 20:38:55.206694
/watch?v=gO32MHXuP9c&pp=ygUGSS01IFdB0gcJCU8KAYcqIYzv,/@KING5Seattle,KING 5 Seattle,"I-5, Montlake Bridge work in Seattle could disrupt traffic this weekend",2.2K,4 years,Drivers planning to attend the Seattle Sounders FC or Mariners games this weekend should plan ahead and allow for extra timeÂ ...,2026-01-20 20:38:55.208010
/watch?v=XY3miWfQj0Y&pp=ygUGSS01IFdB,/@KGWNews8,KGW News,Severe traffic jam on I-5 due to slippery driving conditions in Clark County,635K,11 months,Several vehicles struggling to drive in the snowy conditions have caused a miles-long traffic jam on Interstate 5 in SouthwestÂ ...,2026-01-20 20:38:55.209307
/watch?v=8THbtFWLLQk&pp=ygUGSS01IFdB,/@KING5Seattle,KING 5 Seattle,Tour explores building lid over I-5 through Seattle,5.6K,6 years,People got a chance to explore a proposal to build a lid over Interstate 5 through downtown Seattle. The walking tour took a lookÂ ...,2026-01-20 20:38:55.210513
/watch?v=A9-lLI4P0Zw&pp=ygUGSS01IFdB,/@KING5Seattle,KING 5 Seattle,Major I-5 closure beings this week,1.6K,2 weeks,Two northbound lanes of the Ship Canal Bridge will be closed for most of 2026 and the work starts tonight.,2026-01-20 20:38:55.211648
/watch?v=cmLiofSX1Rw&pp=ygUGSS01IFdB,/@KOINLOCAL6,KOIN 6,I-5 N closed for motorcade to honor WA state trooper,704,4 years,"The body of 38-year-old Detective Eric Gunderson was taken from Oregon to Lacey, Wash., Monday morning with police and theÂ ...",2026-01-20 20:38:55.212817
/watch?v=UTMaV1SOgk4&pp=ygUGSS01IFdB,/@KING5Seattle,KING 5 Seattle,Changes coming to I-5 in Tacoma,3.5K,4 years,The 20 year project to widen I-5 is finally coming to an end. Crews will move traffic on to the new bridge over the Puyallup River.,2026-01-20 20:38:55.214089
/watch?v=9mT0azAJtFE&pp=ygUGSS01IFdB0gcJCU8KAYcqIYzv,/@InterstateKyle,InterstateKyle,"2K21 (EP 12) Interstate 5 North in Seattle, Washington",33K,4 years,Want to support InterstateKyle and help fund his road travels? Please contribute on my monthly Patreon and unlock exclusiveÂ ...,2026-01-20 20:38:55.215257
/watch?v=JwEtSBRL33I&pp=ygUGSS01IFdB,/@komonews,KOMO News,Motorcyclist dies after police chase down I-5 ends in Lakewood crash,22K,2 months,"A police pursuit ended in a deadly crash in Lakewood on Tuesday at the intersection of South Tacoma Way and 100th Street SW,Â ...",2026-01-20 20:39:02.527434
/watch?v=WGvMIfEVIRs&pp=ygUGSS01IFdB,/@KING5Seattle,KING 5 Seattle,I-5 changes in Tacoma,615,8 years,Drivers on Interstate 5 around Tacoma are dealing with the second of two traffic shifts on southbound I-5 at the Tacoma Dome.,2026-01-20 20:39:02.528925
/watch?v=LZnIWiLd-xQ&pp=ygUGSS01IFdB,/@KING5Seattle,KING 5 Seattle,New HOV lanes on I-5 through Tacoma will be 'monumental',16K,3 years,"The new carpool lanes will open later this month, marking a major milestone for a typically congested section of the freeway.",2026-01-20 20:39:02.530168
/shorts/0G2U6Vn1O1U,/@KING5Seattle,KING 5 Seattle,Dashcam shows 21 car pileup on I-5,325,5 hours,A viewer sent in dashcam video as they narrowly avoided being in the 21-car pileup crash on I-5 N in Fife on Monday.,2026-01-20 20:39:02.531519
/watch?v=BgIETHKmtAI&pp=ygUGSS01IFdB,/@komonews,KOMO News,Ship Canal Bridge work on NB I-5 to be completed on time: WSDOT,9.6K,5 months,"Repair work on one section of Seattle's Ship Canal Bridge is on track to be finished on time after weeks of lane closures,Â ...",2026-01-20 20:39:02.532760
/watch?v=yuY-z2mZZuM&pp=ygUGSS01IFdB,/@KING5Seattle,KING 5 Seattle,Some Seattle commuters opt for alternatives to beat weekend I-5 closure,4.8K,5 months,"Starting late Friday night and lasting through early Monday morning, NB I-5 will be closed from the I-90 interchange to NortheastÂ ...",2026-01-20 20:39:02.534040
/watch?v=O6xXgvrOidk&pp=ygUGSS01IFdB,/@KGWNews8,KGW News,Oregon Gov. Kate Brown and Washington Gov. Jay Inslee discuss I-5 bridge,703,Streamed 6 years,Washington Gov. Jay Inslee joins Oregon Gov. Kate Brown in Vancouver on Monday for a meeting and an announcement of jointÂ ...,2026-01-20 20:39:02.535581
/watch?v=tMSzvKYubYU&pp=ygUGSS01IFdB,/@KING5Seattle,KING 5 Seattle,"Major weekend closures planned for I-405, I-5",3.4K,6 months,"Part of long-term transportation and infrastructure projects, the closures will affect key corridors in Seattle, Kirkland, and Renton.",2026-01-20 20:39:02.536760
/watch?v=a_K9Zl0RXOk&pp=ygUGSS01IFdB,/@KOINLOCAL6,KOIN 6,"Expert talks push to replace Interstate Bridge connecting OR, WA",2.5K,3 years,"Expert talks push to replace Interstate Bridge connecting OR, WA Subscribe to KOIN 6's YouTube channel:Â ...",2026-01-20 20:39:02.540002
/watch?v=l5HVCh0Egk4&pp=ygUGSS01IFdB,/@KOINLOCAL6,KOIN 6,New I-5 bridge replacement projected cost may balloon to $14 billion,1.4K,8 days,www.koin.com Subscribe to KOIN 6's YouTube channel: https://www.youtube.com/user/KOINLOCAL6?sub_confirmation=1 Go toÂ ...,2026-01-20 20:39:02.541256
/watch?v=8KavjBE43yM&pp=ygUGSS01IFdB,/@KGWNews8,KGW News,"The I-5 bridge replacement is being visualized, but funding remains an issue",2.8K,2 years,"While the Interstate Bridge Replacement team has produced new renderings, Oregon still hasn't coughed up its $1 billion towardÂ ...",2026-01-20 20:39:02.542538
/watch?v=-_wILDSjFNc&pp=ygUGSS01IFdB,/@FOX10.News.,FOX10 News,I-5 in Lewis County Washington Closed Due to Flooding,1.6K,Streamed 4 years,WSDOT closed a 20-mile stretch of I-5 between Grand Mound and U.S. 12 south of Chehalis Friday morning due to risingÂ ...,2026-01-20 20:39:02.543850
/watch?v=kXJHDL1AI2o&pp=ygUGSS01IFdB,/@KING5Seattle,KING 5 Seattle,Deadly rollover crash sparks brush fire in Everett,885,5 months,A 45-year-old Marysville man is dead after rolling his car on an I-5 off ramp in Everett. The crash also caused a brush fire.,2026-01-20 20:39:02.545099
/watch?v=hUQRbcg0L88&pp=ygUGSS01IFdB0gcJCU8KAYcqIYzv,/@KGWNews8,KGW News,Picturing a replacement for the I-5 Interstate Bridge | Your Thoughts,1.4K,1 year,"Last week, we showed you some new renderings of the potential designs for a new I-5 bridge over the Columbia. Here's what youÂ ...",2026-01-20 20:39:02.546465
/watch?v=JfWwlFkmT5s&pp=ygUGSS01IFdB,/@fox13seattle,FOX 13 Seattle,"Northbound I-5 closes after brush fires near Smokey Point, WA",4.9K,5 months,"Northbound I-5 is closed for several hours Monday after multiple brush fires erupted along the freeway near Smokey Point,Â ...",2026-01-20 20:39:02.547744
/watch?v=aCwA1k7iOZ4&pp=ygUGSS01IFdB,/@OregonDOT,OregonDOT,I-5 Interstate Bridge: Travel Strategies,591,5 years,Everyone can help reduce congestion during our closure of the northbound span of the Interstate Bridge from September 19-27.,2026-01-20 20:39:02.548935
/watch?v=5ss9JpjQIuU&pp=ygUGSS01IFdB,/@komonews,KOMO News,Seattle commuters prepare for traffic tangles as NB I-5 shuts down for essential bridge repairs,17K,6 months,Plan ahead and prepare for possible traffic backups and delays in Seattle this weekend. The Washington State Department ofÂ ...,2026-01-20 20:39:02.550162
/watch?v=SKiP17K_oik&pp=ygUGSS01IFdB,/@KING5Seattle,KING 5 Seattle,I-5 reopens in Lewis County after being closed due to flooding,6.7K,4 years,WSDOT reopened a 20-mile stretch of I-5 after closing for several hours due to flooding Friday.,2026-01-20 20:39:02.551386
/watch?v=XkykmXfYQ-k&pp=ygUGSS01IFdB,/@KING5Seattle,KING 5 Seattle,BREAKING: All SB I-5 express lanes blocked in Seattle after fatal crash,5.8K,2 years,"All southbound Interstate 5 Express Way lanes have been blocked by a semi rollover crash Friday morning, according to WSDOT.",2026-01-20 20:39:02.552523
